Site_Operator,Site_Address,Latitude,Longitude,Main_Contaminant _Category,Description_of_Operations,Property at Issue Shorthand,River Mile (RM),Beginning Year of Operations,End Year of Operations,Main COCs,List of COCs Manufactured On-Site,List of COCs Involved in Operations,List of COCs that are by-product/waste,On-site Soil/Groundwater Contaminants,Party Responsible for Remediation,Party Associated with Site
A.E. Staley Manufacturing Company,"100 Third Ave., Kearny NJ",40.7584422,-74.1409105,copper,"manufactured polymers, rubber-based adhesives, and leather finishes",,,,1978,"copper
lead
mercury",,"chromium
copper
ethyl acrylate
lead
mercury
nickel
silver",,,Staley Holdings LLC,Staley Holdings LLC
A.E. Staley Manufacturing Company,"320 Schuyler Ave., Kearny NJ",40.7597209,-74.1428513,copper,"manufactured polymers, rubber-based adhesives, and leather finishes",,,1966,1975 (at least),"copper
lead
mercury",,"chromium
copper
ethyl acrylate
lead
mercury
methyl acrelate
methyl methacrelate
nickel
silver",,,Staley Holdings LLC,Staley Holdings LLC
Alden Leeds Inc.,"55 Jacobus Ave., South Kearny, NJ",40.7353448,-74.1133976,copper,manufactured plastic bottles which were filled with bleach and ammonia,Alden Leeds-Kearny,,Before 1972,1999,copper,,"ammonium hydroxide
cadmium
copper
sodium hypochlorite",cadmium,,Alden Leeds Inc.,"Alden Leeds, Inc."
Alliance Chemical Inc.,"33 Avenue P, Newark NJ",40.7204718,-74.1316389,mercury,"manufactured specialty organic chemicals including intermediates for textile, photographic, dye and migmate intermediates and diazo and zinc compounds",,,1946 (at least),2001,"DDx
PAHs
PCBs
copper
dioxin-associated compounds
dioxins
lead
mercury",Dioxin associated compounds,"copper
dioxin-associated compounds
dioxins
furans
mercury",,"DDx
PCBs
chlorobenzene
copper
dioxin-associated compounds
lead
mercury
other metals
xylene","Alliance Chemical Inc.
Pfister Urban Renewal Corporation",Alliance Chemical Inc.
Ashland Chemical Company,"221 Foundry Street, Newark NJ",40.7260349,-74.1304189,PAHs,"received, stored, and repackage aliphatic and aromatic hydrocarbons, acids, alcohols, alkines, amines, esters, ethers, glycols, halogenated solvents, ketones, nitroparaffins",Foundry Property,,1968,1990,"PAHs
copper
dioxin-associated compounds
lead
mercury",,"caustic soda
dioxin-associated compounds
fuel oil
kerosene
sulfuric acid",,"DDx
PAHs
copper
dieldrin
dioxin-associated compounds
lead
mercury",,Ashland LLC
Atlantic Richfield Company,"86 Doremus Ave., Newark NJ",40.7303078,-74.1205698,lead,"operated a bulk petroleum storage facility, eventually replaced at the site by LeeMilt",Getty Newark Terminal Site,1.5,1930,1950,"PAHs
PCBs
copper
lead",,lead,,,"Atlantic Richfield Company
LeeMilt’s Petroleum, Inc.",Atlantic Richfield Company
"Atlas Refinery, Inc.","142 Lockwood Street, Newark NJ",40.7376976,-74.1327357,lead,Atlas Refining's operations centered around generating and refining chemicals,,,1887,present,"PAHs
copper
lead
mercury","acetylene
ammonia
diethyl sulfate
ethyl alcohol
formaldehyde
fuel oil #6
mercury
phenol
selenium
sulfuric acid","acrylic acid
anhydrous ammonia
fuel oil
sodium bisulfate
sulfuric acid","arsenic
copper
cyanide
formaldehyde
iron
lead
mercury
petroleum hydrocarbons
phenol",,"Atlas Refinery, Inc.","Atlas Refinery, Inc."
Automatic Electro Plating Corp.,"185 Foundry Street, Newark NJ",40.7284626,-74.1325752,copper,electroplating steel components with zinc or nickel finishes,Foundry Street Complex,,1970,2014,"copper
lead
mercury",,"arsenic
caustic soda
cyanide
lead
mercury
nickel
sulfuric acid
zinc","arsenic
copper
lead
mercury
zinc",,Foundry Street Corporation,Foundry Street Corporation
BASF Catalysts LLC,"1 West Central, Easte Newark NJ",40.7497019,-74.1636313,mercury,"manufactured materials such as potassium gold cyanide, silver cyanide salt, ink paste and ink powder",,,1953,,"PAHs
copper
lead
mercury","potassium gold cyanide
precious metal coating products
silver cyanide salt","111-Trichloroethane
arsenic
lead
mercury","sodium hydroxide
sodium sulfate",,BASF Catalysts LLC,BASF Catalysts LLC
BASF Corporation,"150 Wagaraw Road, Hawthorne NJ",40.9394458,-74.1595947,mercury,"manufactured textile pigment dispersions, dyestuffs, pigments, dyes, special polymers, and chemicals",BASF Hawthorne Site,,1946,1986,"chromium
copper
lead
mercury",,"PAHs
PCBs
copper
dioxin-associated compounds
lead
mercury",,"PAHs
PCBs
copper
dieldrin
dioxin-associated compounds
lead
mercury",BASF Corporation,BASF Corporation
BASF Corporation & United Cork Companies,"50 Central Ave., Kearny, NJ",40.7203865,-74.1161204,PCBs,"BASF manufactured chemical products, intermediaries, plasticizers, and dyes. BASF is the successor to United Cork Companies. United Cork manufactured insulation and dyestuffs.",United Cork Site,,1935,1990,"PAHs
PCBs
copper
dioxin-associated compounds
lead
mercury",phthalic anhydride (dioxin-associated compound),"benzaldehyde
chloranil
maleic anhydride",,"PAHs
PCBs
bis(2-ethylhexyl) phthalate
copper
lead
mercury
petroleum hydrocarbons
phthalates
xylene",BASF Corporation,BASF Corporation
Bayonne Barrel & Drum,"150-154 Raymond Bouldevard, Neark NJ",40.7343615,-74.1268634,dioxins,"cleaned and reconditioned steel drums which contained waste, including hazardous substances",Bayonne Barrel & Drum Property,,1940,1983,"DDT
PAHs
copper
dioxins
lead
mercury",,,"PAHs
PCBs
copper
dioxins
lead
mercury
metals",,Bayonne Barrel and Drum Defendants,3M Company
Benjamin Moore & Co.,134 Lister Avenue,40.739709,-74.1320705,lead,manufactured paint and resin and disposed of hazardous substances in the Passaic River,,3.4,1925,,"PAHs
PCBs
copper
lead
mercury",,,,"PAHs
PCBs
copper
dioxin-associated compounds
lead
mercury",Benjamin Moore & Co.,Benjamin Moore & Co.
Campbell Foundry Company,"1235 Harrison Ave., Kearny NJ",40.7493835,-74.134135,lead,"illegal landfill used to dispose of waste sand, clay sag, and cupola dust (which contains cadmium and lead)",Shipping Yard Property,,1981,1991,"PAHs
PCBs
lead
mercury",,"cadmium
lead","cadmium
lead",,Campbell Foundry Company,Campbell Foundry Company
Campbell Foundry Company,"2 Worthington Avenue, Harrison NJ",40.7464901,-74.1562551,lead,"CFC did not operate on Worthington Ave. property since it bought it in 1975. However, soil samples show that past manufacturing operations have left arsenic, mercury, lead, benzo(a) anthracene, benzo(b) fluoranthene, and copper",Worthington Ave. Property,,1975,1992,,,,"arsenic
benzo(a) anthracene
benzo(b) fluoranthene
copper
lead
mercury",,Campbell Foundry Company,Campbell Foundry Company
Campbell Foundry Company,"800 Bergen Street, Harrison NJ",40.7437605,-74.1474387,lead,"manufactured manhole covers, storm drain gratings, sewer gratings, and other cast iron products",Bergen Street Property,,1930,present,"PAHs
PCBs
lead
mercury",,"acetylene
antifreeze
cadmium
cerium
chromium
lead
methylene chloride
phosphoric acid
titanium dioxide","cadmium
chromium
lead",,Campbell Foundry Company,Campbell Foundry Company
Canning Gumm LLC,"538 Forest Street, Kearny NJ",40.771024,-74.137809,lead,"Canning Gumm (and/or its predecessors) manufactured ""Clepo"", cleaners, acid salts, abrasive tumbling compounds, paint strippers, soap compounds, other chemicals for metal plating, painting or other finishing. It also manufactured alkaline cleaners, powder and liquid acids, mass finishing compounds, phosphating compounds a sulfuric-acid based brass brightener. Additionally, Canning Gumm compounded commercial detergents, blended specialty products for metal finishing processes, and operated a laboratory for metal finishing processes. Canning Gumm also blended powdered and liquid raw materials.",,,1938/1939,2000,"PAHs
copper
lead
mercury",,"PAHs
copper
lead
mercury","copper
cyanide
lead
nickel","1,1,1-trichloroethane
1,1-dichloroethane
benzene
chloride
chloride, toluene, volatile organic compounds, xylenes, 1,1,1-trichloroethane, 1,1-dichloroethane, benzene, methylene chloride, and xylenes
methylene chloride
toluene
volatile organic compounds
xylene",Canning Gumm LLC,Canning Gumm
Celanese,"354 and 375 Doremus Ave., Newark NJ",40.7203144,-74.1261486,PAHs,stored and distributed chemicals in bulk; operated an on-site landfill from 1954-1974; filled and stored drums of chemicals at property from 1954-1974; manufactured formaldehyde from 1966-1993,,,1954,1996,"PAHs
dioxin-associated compounds
dioxins",formaldehyde,"caustic soda
dioxin-associated compounds
sulfuric acid",,"DDx
PAHs
PCBs
copper
dieldrin
dioxin-associated compounds
lead
mercury",CNA Holdings LLC,"CNA Holdings, LLC"
Central Steel Drum Company,"704 Doremus Ave., Newark NJ",40.7088793,-74.1318163,dioxins,"stored, incinerated, reconditioned, and painted steel drums that contained residues of non-hazardous and hazardous substances; customers (including Flint Group) contracted with CSD to dispose of/treat hazardous waste",CSD Property,0-0.5,1951,,"DDT
PAHs
copper
dieldrin
dioxins
lead
mercury",,,,"DDT
HMW PAHs
LMW PAH
PAHs
PCBs
copper
dieldrin
dioxins
lead
mercury
pesticides",CSD defendants,3M Company
Chemical Leaman Tank Lines,"80 Doremus Ave., Newark NJ",40.7304745,-74.1207844,lead,truck washing facility,,,1970,1993,"DDT
PAHs
PCBs
copper
lead
mercury",,,,"PCBs
benzene
copper
lead
phenol
zinc","Quala Systems, Inc.
Quality Carriers, Inc.","Quala Systems, Inc.
Quality Carriers, Inc."
Chemtrade Chemicals Corporation,"332-352 Doremus Ave., Newark NJ",40.7211672,-74.1239718,mercury,"Chemtrade as successor to Essex Industrial Chemicals, manufactured and processed chemicals using magnesium oxide recovery, sulfuric acid productio, oleum and chromium sulfate production, and aluminum sulfate production processes.",,,1989,,"PAHs
PCBs
dioxin-associated compounds
dioxins
lead
mercury",,"caustic soda
sulfuric acid",aluminum sulfate,"1,1,1-trichloroethane
PAHs
PCBs
arsenic
cadmium
chromium
copper
lead
mercury
nickel
zinc",Chemtrade Chemicals Corporation,Chemtrade Chemicals Corporation
Clark Thread Co.,"260 Ogden Street, Newark NJ",40.7604194,-74.1653738,lead,"bleached, dyed, milled, and finished thread",Newark Property,,before 1872,1947,"copper
dioxin-associated compounds
dioxins
lead
mercury",,,,,Coats & Clark Inc.,"Coats & Clark, Inc."
Clark Thread Co.,"735 Broad Street, Bloomfield NJ",40.8177975,-74.1930146,lead,produced cotton thread,Bloomfield Property,,1922,1949,"copper
dioxin-associated compounds
dioxins
lead
mercury",,"sodium hypochlorite
sulfuric acid",,"PCE
chlordane
chloroform
copper
lead",Coats & Clark Inc.,Coats & Clark Inc.
Clark Thread Co.,"900 Passaic Ave., East Newark, NJ",40.7520062,-74.1629891,lead,"bleached, dyed milled, mercerized/finishedthread",East Newark Property,,1875,1931,"copper
dioxin-associated compounds
dioxins
lead
mercury",,,,,Coats & Clark Inc.,Coats & Clark Inc.
"Clean Earth of North Jersey, Inc.","101-115 Jacobus Ave., Kearny NJ",40.7387527,-74.1125029,dioxins,"stores, treats and disposes of hazardous and non hazardous waste; Clean Earth is partial owner of 101-115 and leases 109-113 Jacobus Ave from Melon Leasing Corp.",,,1984,present,"PAHs
copper
dioxins
lead
mercury",,"DDx
PAHs
PCBs
copper
dieldrin
dioxin-associated compounds
dioxins
lead
mercury",,"PAHs
PCBs
arsenic
benzene
copper
dioxin-associated compounds
dioxins
lead
mercury","Clean Earth of North Jersey, Inc.
Melon Leasing Corporation, Inc.",Clean Earth
Congoleum Corp.,"195 Belgrove Drive, Kearny NJ",40.7588217,-74.1578975,lead,"BWI's predecessor (Congoleum Corp.) manufactured linoleum and/or vinyl flooring, wall coverings, and desk tops. They also manufactured tent cloth, aerial torpedo parts, grenades, synthetic leathers, flooring adhesives, and vinyl asbestos tile. They also operate a laboratory and power plant.",,,late 1880s,mid 1980s,"PAHs
PCBs
copper
lead
mercury",,"PAHs
PCBs
lead
mercury",,"DDT
PAHs
PCBs
copper
dioxin-associated compounds
lead
mercury",Bath Iron Works Corporation,Bath Iron Works
"Cooper Industries, LLC","401 Worthington Ave., Harrison NJ",40.1598397,-74.0302251,mercury,manufacture and test centrifugal and reciprocating pumps,,,1904,1985,"PAHs
PCBs
copper
lead",,"Cobalt-60
iridium","iron
lead
mercury","PAHs
PCBs
copper
lead
mercury","Cooper Industries, LLC",Cooper Industries
Covanta Essex Co.,"66 Blanchard St., Newark NJ",40.7369019,-74.128505,lead,waste to energy plant for refuse collection and incineration,,,1990,present,"PAHs
copper
dioxin-associated compounds
lead",,"acetylene
caustic soda
cobalt
copper
diesel fuel
lime
nitric oxide
sulfuric acid","1,1,1-trichloroethane
benzene
benzene, lead, methylene chloride, petroleum hydrocarbons, toluene, 1,1,1-trichloroethane, zince
lead
methylene chloride
petroleum hydrocarbons
toluene
zinc","arsenic
benzene
cyanide
iron
lead",Covanta Essex Co.,Covanta Essex
Croda Inc.,"185 Foundry Street (Block 5005 -- Lot 21), Newark NJ",40.7284626,-74.1325752,lead,manufactured lanolin and lanolin derivatives,,,late 1950s,1987,"PAHs
copper
lead
mercury",,,,"2-Butanone
DDT
benzene
cadmium
copper
cyanide
lead
toluene
zinc",Croda Inc.,"Croda, Inc."
Crucible Steel,"1000 South Fourth Street, Harrison NJ",40.7519459,-74.1577955,lead,manufactured steel,,,1900,1988,"PAHs
PCBs
copper
lead
mercury",,"copper
lead
mercury
sulfuric acid",,"PAHs
PCBs
copper
dieldrin
dioxin-associated compounds
lead
mercury","EnPro Industries, Inc., formerly Crucible Steel",EnPro Industries
Curtiss-Wright Corporation,"1 Passaic Street, Wood Ridge NJ",40.863223,-74.091419,lead,"manufactured cyclone engines, gas turbine generators, and other defense related products",,,,,"PAHs
PCBs
copper
dioxin-associated compounds
lead
mercury",,"PAHs
PCBs
copper
dioxin-associated compounds
lead
mercury","""colored wastes""
cutting fluids
oil-water mixtures
pickling liquids
process-related oils
process-related oils, oil-water mixtures, cutting fluids, pickling liquids, sewage, ""colored wastes""
sewage","PAHs
PCBs
copper
dioxin-associated compounds
lead
mercury",Curtiss-Wright Corporation,Curtiss-Wright Corporation
D&J Trucking,"310-336 Avenue P, Newark Nj",40.7235576,-74.1287424,lead,D&J Trucking used the site to dump hazardous substances and other compounds illegally. Benjamin Moore abd Sherwin-Williams arranged to dispose of their hazardous substances with D&J Trucking.,D&J Trucking Property,,1974,,"DDx
PAHs
PCBs
copper
lead
mercury",,,,"DDx
PAHs
PCBs
copper
dieldrin
dioxin-associated compounds
lead
mercury","Benjamin Moore & Co.
The Sherwin-Williams Company",Benjamin Moore
Darling Ingredients Inc.,"61 Blanchard Street, Newark NJ",40.7356625,-74.129637,lead,processed fat and bones to produce tallow and meat meal,,,1926,,"PAHs
copper
lead",,"PAHs
copper
lead",,,Darling Ingredients Inc.,Darling Ingredients Inc.
Diamond Alkali Corporation,"80 Lister Ave., Newark, NJ",40.73877,-74.13669,dioxins,manufactured pesticides and Agent Orange,,,,,,,,,,,
"DII Industries, LLC","401 Worthington Ave., Harrison NJ",40.1598397,-74.0302251,mercury,manufactured and tested pumps,,,1985,1993,"PCBs
copper
dioxin-associated compounds
dioxins
lead
mercury",,,,mercury,"DII Industries, LLC","DII Industries, LLC"
Drew Chemical Corporation,"1106 Harrison Avenue, Kearny NJ",40.7483548,-74.1405013,dioxins,"Drew Chemical Corporation manufactured industrial water treatment chemicals, boiler compounds, paint defoamers, and other specialty chemicals. It also performed reactor work for esterification and saponfication and operated a warehouse facility.",Ashland - Kearny,,1970,,"PAHs
copper
dioxins
lead
mercury",,"PAHs
PCBs
copper
dioxin-associated compounds
dioxins
lead
mercury","acrylamide
chromium compounds
copper
ethylene glycol
lead
volatile organic compounds
zinc compounds","PAHs
PCBs
copper
dieldrin
dioxin-associated compounds
lead
mercury
polyacrylamide polymer
semi-volatile organic compounds
volatile organic compounds",Ashland LLC,Ashland LLC
Eden Wood Corporation,"1 Ackerman Ave., Clifton NJ",40.8794641,-74.1209761,PAHs,"manufactured container board, box board, roofing felt and shingles",,,1930,1986,"PAHs
PCBs
copper
lead
mercury",,"PAHs
PCBs",,"PCBs
copper
fuel oil
lead
mercury
petroleum hydrocarbons",Eden Wood Corporation,Eden Wood Corporation
"Elan Chemical Co., Inc.","268 Doremus Ave., Newark NJ",40.7239084,-74.1235372,copper,manufactures chemicals for food flavor and fragrances,,,1977,present,"PAHs
PCBs
copper
lead
mercury",,"copper chromite
copper powder
maleic acid
maleic anhydride
phthalic anhydride
sulfuric acid",,"PAHs
PCBs
acenaphthene
chlorobenzene
chrysene
copper
lead
mercury
naphthalene
phenanthrene
pyrene","Elan Chemical Co., Inc.","Elan Chemical Co., Inc."
Essex Chemical Corporation,"330 Doremus Ave., Newark NJ",40.7213832,-74.1247415,mercury,"manufactured and processed chemicals using magnesium oxide recovery, sulfuric acid productio, oleum and chromium sulfate production, and aluminum sulfate production processes.",,,1953,1989,"PAHs
PCBs
dioxin-associated compounds
dioxins
lead
mercury",,"caustic soda
sulfuric acid",aluminum sulfate,"1,1,1-trichloroethane
PAHs
PCBs
arsenic
cadmium
chromium
copper
lead
mercury
nickel
zinc",Chemtrade Chemicals Corporation,Chemtrade Chemicals Corporation
Everett Smith Group Ltd.,"20 Bruen Street, Newark NJ",40.7320181,-74.1646969,lead,tanned and finished leather,,,1872,1939,"copper
lead",,"arsenic
chromium
lead acetate
sulfuric acid","aniline
arsenic
chromium
copper
lead
zinc",,Everett Smith Group Ltd.,"Everett Smith Group, Ltd."
Faber-Castell Corporation,"41 Dickerson Street, Newark NJ",40.7473754,-74.1846579,PAHs,"manufactured rubber, ink, and paint",,,before 1934,,"PAHs
copper",,"PAHs
PCBs
copper
lead",,PAHs,Berol Corporation,Berol Corporation
"Federal Leather Company, Inc.","681 Main Street, Belleville NJ",40.8043066,-74.141031,PAHs,"manufactured leather, artificial leather, and vinyl plastics",,,1956,1968,"PAHs
copper
mercury",,,,,"Textron, Inc.",Textron Inc.
"Franklin-Burlington Plastics, Inc.","113 Passaic Avenue, Kearny NJ",40.7569631,-74.162234,copper,manufactured plastics,,,1976,,"PCBs
copper
lead
mercury",,"PCBs
antimony
arsenic
beryllium
bromodichloromethane
cadmium
chloroform
chromium
chrysene
copper
ethylbenzene
flouranthene
lead
mercury
phthalates
pyrene
xylenes
zinc",,,"Franklin-Burlington Plastics, Inc.","Franklin-Burlington Plastics, Inc."
Garfield Manufacturing Company,"10 Midland Ave, P.O. Box 3236, Wallington NJ",40.8613622,-74.1063382,PAHs,"molding plastics, cements and other materials for use in electricity industry",,,1917,present,"PAHs
copper
mercury",,,"PAHs
acetylene
acetylene, ammonia, asbestos, formaldehyde, lead, toluene, PAHs
ammonia
asbestos
formaldehyde
lead
toluene","PCBs
acenaphthene
antimony
benzene
cadmium
copper
dibenzofuran
lead
mercury
petroleum hydrocarbons
xylene","Garfield Molding Company, Inc./Garfield Manufacturing Company",Garfield Molding
Givaudan Fragrances Corporation,"100 Delawanna Ave. and 125 Delawanna Ave., Clifton NJ",40.8291065,-74.1287542,dioxins,"manufactured fragrances, pharmaceuticals, intermediates, and pesticides",,,1947,1984,"DDT
PAHs
PCBs
copper
dieldrin
dioxins
lead
mercury","2,4,5-TCP
hexachlorophene","dioxins
furans","2,3,7,8-TCDD","2,3,7,8-TCDD
2,4,5-TCP
DDx
PAHs
copper
dieldrin
lead
mercury",Givaudan Fragrances Corporation,Givaudan Fragrances Corporation
Goody Products Inc.,"969 Newark Turnpike, Kearny NJ",40.7447802,-74.0948863,copper,manufactured metal hair accessories (e.g. pins and barrettes),,,1969,1994,"PAHs
copper
lead
mercury",,"copper
kerosene
lead
sulfuric acid","PAHs
copper
dioxin-associated compounds
lead
mercury","PAHs
PCBs
copper
dioxin-associated compounds
lead
mercury",Newell Brands Inc.,Newell Brands Inc.
"Guyon General Piping, Inc.","900-1000 South Fourth Street, Harrison NJ",40.751911,-74.1575674,lead,operated a pipe fabrication facility,,,1947,,"PAHs
PCBs
copper
lead
mercury",,"copper
lead
mercury
sulfuric acid",,"PAHs
PCBs
copper
dieldrin
dioxin-associated compounds
lead
mercury",Teval Corporation,Teval Corp.
Hexcel Corporation,"205 Main Street, Lodi NJ",40.8807338,-74.0841797,PCBs,"manufactured fine chemicals, industrial maintenace chemicals, industrial alkaline, water-based cleaners, paint strippers, deodorant/air freshener soap, dibactol, oxalic/phosphoric acid liquid cleaners, and resins",,,1973,,"PCBs
copper
lead
mercury",,,,"PCB 1242
PCB 1248
PCB 1254
PCB 1260
PCBs
arsenic
copper
lead
mercury",Hexcel Corporation,Hexcel Corporation
"Hoffmann-La Roche, Inc.","340 Kingsland Road, Nutley, NJ",40.8335462,-74.1572095,PAHs,manufactured pharmaceutical products,Hoffman-La Roche Site,,1928,,"PAHs
PCBs
copper
dioxin-associated compounds
lead
mercury",,"acids
chloroform
hexane
kerosene
solvents
sulfuric acid
toluene","arsenic
copper
lead
mercury
nickel","acetone
acetonitrile
aluminum
arsenic
hexane
iron
lead
methylene chloride
polynuclear aromatic hydrocarbons
xylene","Hoffmann-La Roche, Inc.",Hoffmann LaRoche Inc
"Honeywell International, Inc.","65 Lodi Street, Passaic NJ",40.8583349,-74.1114247,lead,"nitrating plant, bulk acid distribution facility, plastics and pellets storage, contained an incinerator",,,1899,1987,"copper
lead
mercury",,,,"TPH
TPH, benzene, toluene, xylene, zinc, lead, cadmium, arsenic, selenium, copper, mercury, trans1,dichloroethene, trichlorethene, chromium
arsenic
benzene
cadmium
chromium
copper
lead
mercury
selenium
toluene
trans1,2dichloroethene
trichloroethene
xylene
zinc","Honeywell International, Inc.",Honeywell International Inc.
Inland Corp.,"600 Doremus Ave., Newark NJ",40.7133185,-74.1298495,PCBs,"manufactured chemicals, transitioned facility to hazardous waste treatment facility",,0-0.5,1974,1987,"PCBs
copper
lead
mercury",methylene chloride,"acetone
dimethyl aniline
dimethyl sulfoxide
hydrochloric acid
methylene chloride
mixed chlorinated hydrocarbons
toluene
xylenes",methylene chloride,"PCBs
acetone
arsenic
carbon tetrachloride
hexachlorobenzene
iron
lead
mercury
methanol
methyl aniline
methylene chloride
toluene
trichloroethane",McKesson Corporation,McKesson Corp.
Innospec Active Chemicals LLC,"418 Falmouth Ave., Elmwood Park NJ",40.9122404,-74.1112412,PAHs,manufactured and supplied chemical aid s for textile and personal care products,,,1956,2005,"PAHs
lead
mercury",,"acetylene
dichlorobenzene
maleic anhydride
methanol
sulfuric acid
trichlorobenzene
xylenes",,"1,4 dichlorobenzene
benzene
chlorobenzene
vinyl chloride",Innospec Active Chemicals LLC,Innospec Active Chemicals LLC
ISP Chemicals LLC,"11 William Street, Belleville NJ",40.7836558,-74.1500566,PCBs,"manufacured ultraviolet absorbers, emulsifiers, and emollients.",ISP - Belleville,,1943,present,"PAHs
PCBs
dioxins
mercury",,"acetone
chloroform
formaldehyde
fuel oil
methanol
propane
tetrahydrofuran",,"PCBs
PHCs
benzene
di-n-butyl phthalate
mercury
volatile organic compounds",,ISP Chemicals LLC
J. Wiss & Sons Co.,"13 Bank Street, Newark NJ",40.7375081,-74.1752817,lead,Cooper acquired J. Wiss & Sons (JWS) in 1976. JWS manufactured cutlery.,,,1854,,"PCBs
copper
lead
mercury",,,"arsenic
cadmium
chromium
copper
lead",,"Cooper Industries, LLC","Cooper Industries, LLC"
J. Wiss & Sons Co.,"26 Bank Street, Newark NJ",40.7366681,-74.1729296,lead,Cooper acquired J. Wiss & Sons (JWS) in 1976. JWS manufactured cutlery.,,,,1887,"PCBs
copper
lead
mercury",,,"arsenic
cadmium
chromium
copper
lead",,"Cooper Industries, LLC","Cooper Industries, LLC"
J. Wiss & Sons Co.,"33 Littleton Avenue, Newark NJ",40.7461457,-74.1929624,lead,Cooper acquired J. Wiss & Sons (JWS) in 1976. JWS manufactured cutlery.,,,1887,1985,"PCBs
copper
lead
mercury",,,"arsenic
cadmium
chromium
copper
lead",,"Cooper Industries, LLC","Cooper Industries, LLC"
J. Wiss & Sons Co.,"7 Bank Street, Newark NJ",40.7366669,-74.1719872,lead,Cooper acquired J. Wiss & Sons (JWS) in 1976. JWS manufactured cutlery.,,,1848,1854,"PCBs
copper
lead
mercury",,,"arsenic
cadmium
chromium
copper
lead",,"Cooper Industries, LLC","Cooper Industries, LLC"
"Kalama Specialty Chemicals, Inc.","290 River Drive, Garflied NJ",40.8683369,-74.110498,mercury,"manufactured chemicals for pharmaceuticals, cosmetics, food packaging, food preservatives, synthetic flavorings, printing inks, and dysetuffs",,,1982,1994,"PAHs
PCBs
copper
lead
mercury",,"PCBs
benzene
benzoic acid
formaldehyde
phenol
toluene",,biphenyl,"Kalama Specialty Chemicals, Inc.","Kalama Specialty Chemicals, Inc. and Goodrich Corporation"
Kearny Landfill,"1500 Harrison Ave., Kearny NJ",40.7494916,-74.1358996,dioxins,operated a landfill for municipal and industrial waste,Kearny Landfill,,late 1940s,early 1980s,"DDT
PAHs
PCBs
copper
dieldrin
dioxins
lead
mercury",,,,,"Roselle Mausoleum Maintenance Fund, Inc.","Roselle Mausoleum Maintenance Fund, Inc."
Kearny Smelting & Refining Corp.,"936 Harrison Ave., Kearny NJ",40.7489219,-74.1423926,copper,"smelted scrap metal, and scrapped brass and bronze",,,1946,2009,"PAHs
PCBs
copper
lead
mercury",,"copper
fuel oil
lead",,"PAHs
PCBs
copper
dioxin-associated compounds
lead
mercury",Kearny Smelting & Refining Corp.,Kearny Smelting & Refining Corp.
Keegan Landfill,"Bergan Ave., Kearny NJ",40.7575744,-74.1465172,dioxins,operated a landfill for municipal and industrial waste,Keegan Landfill,,late 1940s,early 1980s,"DDT
PAHs
PCBs
copper
dieldrin
dioxins
lead
mercury",,,"1,4-dichlorobenzene
DDT
PAHs
chlorobenzene
copper
dioxin-associated compounds
lead
mercury","2,3,7,8-TCDD
DDT
PAHs
PCBs
copper
dieldrin
lead
mercury","Roselle Mausoleum Maintenance Fund, Inc.","Roselle Mausoleum Maintenance Fund, Inc."
L3Harris Technologies,"100 Kingsland Road, Clifton NJ",40.8272355,-74.1394584,copper,"manufactured televisions, radio tubes, telephones, washing machines, printed circuit boards, and also perform welding, soldering, painting, printing, degreasing, drilling, machining, grinding, assembling, and product testing.",,,1946,present,copper,,"111-Trichloroethane
acetone
cadmium
chromium
copper
dichlorodifluoromethane
hydrogen chloride
lead
methylene chloride
molybdenum
nickel
nitric acid
nitrogen
potassium hydroxide
silver
sulfuric acid
tin
trichloroethylene
zinc",,"1,1,1-trichloroethane
1,1-dichloroethene
1,2-dichloroethane
arsenic
benzene
chloroform
ethylbenzene
toluene
volatile organic compounds",Harris Corporation,"L3Harris Technologies, Inc."
Lehn&Fink,"192-194 Bloomfield Ave., Bloomfield NJ",40.7811332,-74.1909215,PAHs,manufactured chemicals and pharmaceuticals,,,1925,1965,PAHs,"cresols
phenols",,PAHs,,Reckitt Beckinser LLC,Reckitt Benckiser LLC
Mallinckrodt LLC,"223 West Side Ave., Jersey City NJ",40.7114732,-74.0933119,mercury,manufactured and packaged chemicals,,,1887,,"PAHs
copper
dioxin-associated compounds
lead
mercury","acetone
alcohols
benzene
ethers
ferric chloride
ferrous sulfate
inorganic chemicals
iron oxides and salts
medicinal chemicals
mercury oxides and salts
mineral acids
photographic chemicals
potassium chloride
potassium sulfate
red mercuric oxide
sodium nitrate
toluene
uranium trioxide
xylenes
zinc acetate","PAHs
copper
dioxin-associated compounds
lead
mercury",,"1,2-dichlorobenzene
HMW PAHs
LMW PAH
copper
dioxin-associated compounds
gamma-BHC
lead
mercury",Mallinckrodt LLC,Mallinckrodt LLC
Marathon Oil,"100 Central Ave., Kearny NJ",40.7313136,-74.1137761,PAHs,built and repaired merchant and war ships,,,1917,,"PAHs
copper
lead
mercury",,"PAHs
copper
lead
mercury",,"PAHs
chromium
copper
lead
mercury
trichloroethene
zinc",Marathon Oil,Marathon Oil
"MI Holdings, Inc.","223 West Side Ave., Jersey City NJ",40.7114732,-74.0933119,mercury,manufactured chemicals,,,1982,1993,"PAHs
copper
dioxin-associated compounds
lead
mercury",,"PAHs
copper
dioxin-associated compounds
lead
mercury",,"1,2 dichlorobenzene
HMW PAHs
LMW PAH
copper
dioxin-associated compounds
gamma-BHC
lead
mercury","MI Holdings, Inc.","MI Holdings, Inc."
Modern Transportation,"75 Jacobus Ave., Kearny NJ",40.7367739,-74.1136729,copper,operated a waste treatment and disposal facility for municipal and industrial waste,,,1962,,"PAHs
PCBs
copper
dioxins
lead
mercury",,"PCBs
copper
cupric sulfate
lead
mercury","copper
mercury","PAHs
copper
dioxin-associated compounds
lead
mercury
other metals","Spectraserv, Inc.","Spectraserv, Inc."
Montrose Chemical Co.,"100/120 Lister Avenue, Newark",40.7388893,-74.1337099,DDT,"manufactured many organic chemicals; herbicides; and pesticides, including up to 3-million pounds of DDT per year.",Montrose Site,,1939,1972,"DDT
PAHs
PCBs
copper
dieldrin
dioxins
lead
mercury","2,4,5-T
2,4-D
bis(2-ethylhexyl) phthalate
butyl phthalate
dimethyl phthalate
dioctyl phthalate
dioxin associated compounds","DDx
bis(2-ethylhexyl) phthalate
butyl phthalate
chlorinated benzenes
copper
dichlorobenzene
dichlorophenol
dimethyl phthalate
dioctyl phthalate
hexachlorobenzene
lead
lindane
pentachlorophenol
phthalic anhydride
propanil
tetrachlorobenzene
trichlorobenzene
trichlorophenol","copper
dioxins
furans
lead","DDx
chlorinated benzenes
dichlorophenol
dieldrin
lindane
mercury
trichlorophenol",21st Century Fox (TFCF),21st Century Fox (TFCF)
Montrose Chemical Co.,70 Lister Ave,40.7386556,-74.1365509,DDT,"manufactured many organic chemicals; herbicides; and pesticides, including up to 3-million pounds of DDT per year.",,,1935,1943,,,,,"chlorobenzene
dichlorobenzene
dioxins
furans
trichlorobenzene",,21st Century (TFCF)
National-Standard LLC,"714-716 Clifton Ave., Clifton NJ",40.8708816,-74.1565214,lead,manufactured carbon steel wire and strips,,,1907,1988,"PAHs
PCBs
lead
mercury",,"111-Trichloroethane
hydrochloric acid
lead
liquid nitrogen
sodium hydroxide
sulfuric acid",,"PCBs
acetone
arsenic
benzene
chloroform
copper
cyanide
dimethyl phthalate
lead
lead, copper, cyanide, acetone, PCBs, petroleum hydrocarbons, lead, volatile organic compounds, pesticides, dimethyl phthalate, benzene, chloroform, trichloroethene, arsenic, mercury
mercury
pesticides
petroleum hydrocarbons
trichloroethene
volatile organic compounds",National-Standard LLC,National-Standard LLC
Novelis Corporation,"1 Jacobus Ave., Kearny NJ",40.7331497,-74.1134435,PAHs,"manufactured building products, aluminum siding, roofing, and accessories",,,1953,1975,"PAHs
PCBs
copper
lead
mercury",,,,"PAHs
PCBs
benzene
benzo(a)anthracene
cadmium
chromium
chrysene
copper
lead
mercury
nickel
toluene
zinc",Novelis Corporation,Novelis Corporation
"Noveon Hilton Davis, Inc.","104-112 Lister Ave., Newark NJ",40.7390369,-74.1342955,copper,"production of phthalocyanine colors for automotive industries, transoxides for textile industries, D&C colors for the drug and cosmetic industry",,,1955,1986,"PAHs
PCBs
copper
lead
mercury",,"124-trichlorobenzene
chlorine
copper
dioxin-associated compounds
lead
mercury
phthalic anhydride",chlorinated benzenes,"PAHs
PCBs
copper
dichlorobenzene
hexachlorobenzene
lead
mercury
other hazardous substances
trichlorobenzene","Noveon Hilton Davis, Inc., a subsidiary of Dystar LP",Noveon Hilton Davis
Otis Elevator Company,"1000 First Street, Harrison NJ",40.7401367,-74.1609708,lead,manufactured metal products,,,1910,1980,"copper
lead
mercury",,"PCBs
copper
lead
mercury","copper
lead
mercury",lead,Otis Elevator Company,Otis Elevator Company
"Pabst Brewing Company, LLC","400 Grove Street, Newark NJ",40.7432329,-74.2106844,copper,brewed and packaged beer,,,1946,1985,"PAHs
copper
lead
mercury",,"PAHs
caustic soda
copper
lead
mercury","PAHs
PCBs
copper
lead
mercury","PAHs
PCBs
copper
lead
mercury","Pabst Brewing Company, LLC",Pabst Brewing Company
Palin Enterprises,"25 Belgrove Drive, Kearny NJ",40.7553144,-74.1617965,copper,"property manufactures linen thread, material, yarns, aluminum products, baseball bats, hockey sticks",,,early 1900s,,"PAHs
PCBs
copper
dioxin-associated compounds
lead",,,,"PAHs
PCBs
copper
dioxin-associated compounds
lead",Palin Enterprises L.L.C.,"Palin Enterprises, LLC"
Monsanto,"Pennsylvania Ave., Kearny NJ",40.7392831,-74.1050884,PCBs,manufactured PCBs and other chemicals,,,1954,1994,"PAHs
PCBs
copper
lead
mercury",,"PCBs
benzene
ethylene oxide
maleic anhydride
phenol
phosphoric acid
toluene",PCBs,"PAHs
PCBs
copper
dioxin-associated compounds
lead
mercury",Pharmacia LLC,Pharmacia LLC
Pitt-Consol Chemical Company,"191 Doremus Ave., Newark NJ",40.7268959,-74.1239042,PAHs,"distilled and extracted products from coal tar, creosote oil, and derivatives of the two",,,1955,1983,"PAHs
PCBs
lead
mercury","cresol
phenols
xylenols",,,,"Pitt-Consol Chemical Company, a subsidiary of Du Pont Chemical and Energy Operations, Inc.",Pitt-Consol Chemical Company
"PMC Global, Inc.","450 Schuyler Ave., Kearny NJ",40.7639098,-74.1400468,copper,"produced plastic products for graphic arts, stationary and packaging industries",,,1971,present,"PAHs
copper
lead
mercury",,"PAHs
copper
lead
mercury","PAHs
copper
lead
mercury",,"PMC Global, Inc.","PMC Global, Inc."
"PPG Industries, Inc.","29-75 Riverside Ave., Newark NJ",40.7669331,-74.1605351,mercury,"manufactured paint, varnish, linseed pol, lacquer, and resin",,,1902,1971,"PAHs
PCBs
copper
dioxins
lead
mercury",,,"PCBs
arsenic
benzene
cadmium
chromium
copper
dioxins
lead
mercury
zinc","PAHs
PCBs
barium
cadmium
chromium
copper
dioxin-associated compounds
dioxins
lead
mercury","PPG Industries, Inc.","PPG Industries, Inc."
Public Service Electric and Gas Company,"155 Raymond Boulevard, Newark NJ",40.7348392,-74.127975,PAHs,"operated electricity-generating station, generated combustion gases",Essex Property,,1915,present,PAHs,"HP boiler cleaning residuals
LP boiler cleaning residuals
air heater/fireside wash water
boiler blowdown
carbon black
coal bottom ash
coal storage runoff
combustion gases
condenser cleanings
feewater heater cleanings
filter press waste
fly ash
natural gas scrubber waste
noncontact cooling water
soot
transil oil
waste oil",,,"PAHs
PCBs
copper
dioxin-associated compounds
lead
mercury",PSE&G,PSE&G
Public Service Electric and Gas Company,2000 Frank E. Rodgers Boulevard,40.736788,-74.1561312,PAHs,"store oil and manufactured gas (1902-1926), operated gas plant (1926- )",Harrison Property,,1902,,PAHs,,,"PAHs
aromatics
dioxins
inorganics
metals",,PSE&G,PSE&G
Public Service Electric and Gas Company,"419 Passaic Ave., Newark NJ and 400-404 Passaic Ave., Newark NJ",40.749986,-74.164663,PAHs,"manufactured gas, operated gas holder facility",East Newark Property,,1872,1906,PAHs,,"PAHs
copper
lead
mercury",,,PSE&G,PSE&G
Public Service Electric and Gas Company,"Lombardy Place and Fulton Street, Newark NJ",40.7419257,-74.1677888,PAHs,"operated manufactured gas plant, then operated gas holding station",Front Street Property,,1869,,PAHs,,"PAHs
coal tar
diesel fuel
gasoline
heavy metals",ammonia liquor,"PAHs
copper
lead
mercury",PSE&G,PSE&G
Public Service Electric and Gas Company,"Market Street and Raymond Boulevard, Newark NJ",40.7331574,-74.1611404,PAHs,"manufactured gas, operated ammonia plant, stored oil, tar, and ammonia liquor, operated a water gas generating house, a filtration house, and a machine shop",Market Street Property,,1847,1954,PAHs,,"PAHs
lead
mercury",,"PAHs
lead
mercury",PSE&G,PSE&G
Public Service Electric and Gas Company,"McCarter Highway and Center Street, Newark NJ",40.7389536,-74.165339,PAHs,"operated power generating and street railway services, performed vehicle maintenance operations",Coal Street Property,,1894,1980,PAHs,,"PAHs
PCBs
copper
lead",,"PAHs
PCBs
copper
lead
mercury",PSE&G,PSE&G
Public Service Electric and Gas Company,"River Street and City Dock Street, Newark NJ",40.7365114,-74.1640346,PAHs,generated electricity,Substation Property,,1891,1922,PAHs,,"PCBs
lead-acid batteries
mercury",,"PAHs
PCBs
copper
dioxin-associated compounds
lead
mercury",PSE&G,PSE&G
Public Service Electric and Gas Company,"Wait Street, Paterson NJ",40.932827,-74.1601747,PAHs,"operated natural gas metering and regulating station, manufactured gas",Paterson Gas Plant Property,,mid-1860s,,PAHs,,"carbon
coal
oil
tar/tar pitch",,"PAHs
copper
dioxin-associated compounds
lead
mercury",PSE&G,PSE&G
"Purdue Pharma Technologies, Inc.","199 Main Street, Lodi NJ",40.8803284,-74.0845817,PCBs,"produced pharmaceutical, cosmetic, and food products",,,1946,1995,"PAHs
PCBs
copper
lead
mercury","methylparaben
para-hydroxybenzoic acid
trimethoprim","dioxin-associated compounds
fumaric acid
phenol
phthalic anhydride",,"1,1,1-trichloroethane
1,1,2-trichloroethane
1,2 dichlorobenzene
1,2,4 trichlorobenzene
1,3 dichlorobenzene
PAHs
PCBs
chlorobenzene
copper
lead
mercury
toluene","Nappwood Land Corporation
Purdue Pharma Technologies, Inc.",Nappwood Land Corporation
RCA Corporation,"415 South 5th Street, Harrison NJ",40.7418899,-74.1537777,mercury,manufactured radio and vacuum tubes,,,1917,1976,"PAHs
copper
lead
mercury",,"barium carbonate
carbon
copper
methanol
mica
nickel
trichloroethylene",,mercury,General Electric Company,General Electric Company
Revere Smelting & Refining Corporation,"387 Avenue P., Newark NJ",40.721976,-74.1320247,lead,operated a lead and antimony recovery and smelting plant,,,1957,1972,"copper
lead",,"copper
lead
sodium hydroxide",,lead,Revere Smelting & Refining Corporation,Revere Smelting and Refining Corporation
"Royce Associates, a Limited Partnership","17 Carlton Ave., East Rutherford NJ",40.842709,-74.1135325,mercury,manufactured chemicals for the textile and rubber manufacturing industries,,,1931,1982,"PCBs
copper
lead
mercury","sodium
sodium dithinite
zinc hydroxymethane sulfinite
zinc sulfoxalate formaldehyde","caustic soda
formaldehyde
methanol
sodium chloride
sulfur dioxide",,"arsenic
barium
benzene
chlorobenzene
ethylbenzene
lead
mercury
methylene chloride
toluene
trichlorofluoromethane","Royce Associates, a Limited Partnership","Royce Associates, a Limited Partnership"
"RTC Properties, Inc.","100 Central Ave., Kearny NJ",40.7313136,-74.1137761,PAHs,dismantled ships for scrap metal,,,1964,1983,"PAHs
copper
lead
mercury",,,,"PAHs
copper
lead
mercury","RTC Properties, Inc.",RTC Properties Inc.
S.B. Penick Company,"540 New York Ave., Lyndhurst NJ",40.8127336,-74.1202291,DDT,manufactured pharmaceuticals and pesticides,,,1938,1986,"DDT
PAHs",DDT,,,"4,4-DDT
DDD
DDE
DDT
aldrin
alpha-BHC
b-BHC
chlordane
dieldrin
dioxin-associated compounds
heptachlor
lindane
maleic acid","Aventisub LLC
Conopco, Inc.","Conopco, Inc., d/b/a Unilever"
Schiffenhaus Packaging Corporation,"2013 McCarter Highway, Newark NJ",40.7756867,-74.1535173,copper,manufactured linerboard and fiber,,,1895,present,,,"PAHs
copper
lead
mercury","PAHs
copper
lead
mercury",,,Schiffenhaus Packaging Corporation
Sequa Corporation,"185 Foundry Street, Newark NJ",40.7284626,-74.1325752,mercury,manufactured organic pigments,,,1967,1987,"PAHs
PCBs
copper
lead
mercury",,"PCBs
acetic acid
arsenic
bis(2-ethylhexyl) phthalate
cadmium
chromium
dianilinoterephthalic acid
ditoluidinoteriphthalic acid
ethyl benzene
lead
methanol
phosphoric acid
sodium hydroxide
toluene
xylenes",,"PCBs
base neutrals
copper
lead
mercury
other priority pollutant metals
petroleum hydrocarbons
volatile organic compounds",Sequa Corporation,Sequa Corporation
Stanley Black & Decker Inc.,"140 Chapel Street, Newark NJ",40.7373549,-74.1399296,lead,manufactured hand tools,,,1875,1985,"PAHs
PCBs
copper
lead",,"fuel oil
quench oil
transformer oil",,"4,4-DDE
4,4-DDT
DDT
PAHs
PCBs
copper
dioxin-associated compounds
lead
mercury",Stanley Black & Decker Inc.,"Stanley Black & Decker, Inc."
STWB Inc.,"104-112 Lister Ave., Newark NJ",40.7390369,-74.1342955,copper,"produced phthalocyanine colors, transoxides for the textile industry, D&C colors for the drug and cosmetic industry, 2,4,2-Schaeffer salt, and florescein dyes",,,1986,,"PAHs
PCBs
copper
lead
mercury",,"PCBs
chlorinated naphthalenes
chlorine
copper
dioxin-associated compounds
dioxins
furans
lead
mercury
phthalic anhydride
trichlorobenzene",,"PAHs
PCBs
copper
dichlorobenzene
hexachlorobenzene
lead
mercury
other hazardous substances
trichlorobenzene",STWB Inc.,STWB Inc.
Sun Chemical Corporation,"185 Foundry Street, Newark NJ",40.7284626,-74.1325752,mercury,manufactured organic pigments for automotive paints and plastics,,,1986/1987,2003,"PAHs
PCBs
copper
lead
mercury",,"PCBs
acetic acid
arsenic
bis(2-ethylhexyl) phthalate
cadmium
chromium
dianilinoterephthalic acid
ditoluidinoteriphthalic acid
ethylbenzene
lead
methanol
phosphoric acid
sodium hydroxide
toluene
xylenes",,"PCBs
base neutrals
copper
lead
mercury
other priority pollutant metals
petroleum hydrocarbons
volatile organic compounds",Sun Chemical Corporation,Sun Chemical Corporation
Sun Oil,"436 Doremus Ave., Newark NJ",40.717663,-74.12473,PAHs,"shipped, stored, and distributed petroleum products",,0-0.5,1916,present,"PAHs
PCBs
copper
lead",,"PAHs
fuel oil
oil products
oil/water separator wastes
petroleum sludge
tank bottom solids
waste crank oil",,"PAHs
PCBs
iron
lead
volatile organic compounds","Sunoco (R&M), LLC
Sunoco Partners Marketing & Terminals L.P.",The two Sunoco Parties
Tate & Lyle Ingredients Americas LLC,"100 Third Ave., Kearny NJ",40.7584422,-74.1409105,copper,"manufactured polymers, rubber-based adhesives, and leather finishes",,,,1978,"copper
lead
mercury",,"chromium
copper
ethyl acrylate
lead
mercury
nickel
silver",,,Tate & Lyle Ingredients Americas LLC,Tate & Lyle Ingredients Americas LLC
"Textron, Inc.","400 Doremus Ave., Newark NJ",40.719338,-74.12474,lead,manufactured chemicals and resins,,,1978,,"PAHs
PCBs
copper
lead
mercury","alkyd resin
polyester resin","PAHs
dioxin-associated compounds",,"PAHs
PCBs
copper
lead
mercury","Textron, Inc.","Textron, Inc."
The Hartz Mountain Corporation,"600 and 700 Blocks, South 4th Street, Harrison NJ",40.751911,-74.1575674,PCBs,"manufactured, assembled, warehoused, and distributed pet supplies and pet foods",,,1970,1993 (at least),"PAHs
PCBs
copper
lead
mercury",,"acetylene
battery acid
dimethyl ether
fungicides
kerosene
pesticides","chlorides
grease
lead
mercury
oil
pesticides
volatile solids
volatile solvents","PCBs
copper
lead
nickel",The Hartz Mountain Corporation,The Hartz Mountain Corporation
"The Newark Group, Inc.","17 Blanchard Street, Newark NJ",40.7354903,-74.1286149,lead,"manufactured recycled paperboard into plain, laminating, partition and lined chip finished products",,,late 1890s,,"PCBs
copper
dioxin-associated compounds
lead
mercury",,"PCBs
copper
lead
mercury","arsenic
copper
lead
mercury",,"The Newark Group, Inc.","The Newark Group, Inc."
"The Okonite Company, Inc.","Block 1076, Canal and Jefferson Streets, Passaic City NJ",40.863587,-74.1220863,PAHs,"manufactured insulated electrical wires, cables, tape and splicing tape",,,at least 1973,,"PAHs
PCBs
copper
dioxin-associated compounds
lead
mercury",,trichloroethylene,PAHs,"copper
dioxin-associated compounds
lead
mercury
petroleum hydrocarbons
zinc",,The Okonite Company
The Sherwin-Williams Company,"40, 60, 62-70 Lister Ave., Newark",40.7390409,-74.1383097,dioxins,manufactured paints and related products and DDT and stored insecticides,Sherwin Williams Site,,1902,1999,"DDT
PAHs
PCBs
copper
dieldrin
lead
mercury",,,,,,The Sherwin-Williams Company
Tiffany and Company,"820 Highland Ave., Newark NJ",40.7842969,-74.1662694,lead,"produced sterling silver and manufactured flatware, hollowware, and fancy goods",,,1897,1985,"PAHs
copper
lead
mercury",,"hydrofluoric acid
nitric acid
sulfuric acid",,"PAHs
copper
lead
mercury",Tiffany and Company,Tiffany and Company
United Piece Dye Works,"199 and 205 Main Street, Lodi NJ",40.8807338,-74.0841797,PCBs,"manufactured dyestuffs, pharmaceuticals, synthetic organic chemicals, inorganic chemicals, fine chemicals, industrial cleaning solutions, and resins",Main Street Property,,1800s,1957,"PAHs
PCBs
copper
dioxins
lead
mercury",,,,"1,2-dichlorobenzene
PAHs
antimony
arsenic
chlorinated organic compounds
copper
lead
mercury
nonchlorinated organic compounds
tetrachloroethene
toluene","Chargeurs, Inc.","Chargeurs, Inc."
United Piece Dye Works,"42 Arnot Street, Lodi NJ",40.8787779,-74.0871461,PCBs,"held ""slime coal"" waste piles, above-ground storage tanks, coal ash waste piles, coal storage and two large water reservoirs",Arnot Property,,1910,1959,"PAHs
PCBs
copper
dioxins
lead
mercury",,,"PCBs
chromium
lead","PCBs
lead","Chargeurs, Inc.","Chargeurs, Inc."
United States Steel Corporation,"100 Central Ave., Kearny NJ",40.7313136,-74.1137761,PAHs,built and repaired merchant and war ships,,,1917,1948,"PAHs
copper
lead
mercury",,"PAHs
copper
lead
mercury",,"PAHs
chromium
chrysene
copper
lead
mercury
naphthalene
trichloroethene
zinc","RTC Properties, Inc.
United States Steel Corporation",United States Steel Corporation
Vulcan Materials Corp.,"600 Doremus Ave., Newark NJ",40.7133185,-74.1298495,lead,manufactured chemicals,,,1952,1975,"DDT
PAHs
PCBs
copper
dioxins
lead
mercury",,"DDT
ahydrous flake caustic soda
benzyl benzoate
carbon tetrachloride
chlorine
chloroform
cresyl diphenyl phosphate
dibutyl phthalate
dimethyl phthalate
hexachlorocyclohexane
hydrochloric acid
hydrogen
hydrogen chloride
iron
isophthalic acid
lead
methyl bromide
methyl chloride
methylene chloride
organic chemicals
organochlorine
organophosphorus
pentachlorophenol
phthalic anhydride
plasticizers
sodium hypochlorite
solid caustic soda
tetraphthalic acid
tin
tricresyl phosphate
zinc chloride","chlorinated hydrocarbons
chlorinated organics
lead
zinc","PAHs
PCBs
copper
dioxin-associated compounds
lead
mercury
pentaclorophenol","Legacy Vulcan, LLC","Legacy Vulcan, LLC"
"Wallace & Tiernan, Inc.","25 Main Stret, Belleville NJ",40.7815716,-74.1500076,copper,"WTI manufactured measurement and control equipment, including chlorinators, pressure instruments, flow meters, dry chemical feed systems, and cathodic protection systems",,,1913,1997,"copper
mercury",,"cadmium
chrome
copper
nickel","copper plating solution
flammable solvents
lead waste
waste painting materials","cadmium
copper
mercury
nickel",Arkema Inc.,Arkema Inc.
Western Electric,"100 Central Ave., Kearny NJ",40.7313136,-74.1137761,PCBs,"manufactured switchboards, wiring, telecommunications equipment, mercury relays, transformers; operated a powerhouse",,,,,"PAHs
PCBs
copper
lead
mercury",,"PAHs
PCBs
asbestos
beryllium
chromium
copper
cyanide
lead
mercury
nickel
silver
zinc",,"PCBs
mercury",Nokia of America Corporation,Nokia of America Corporation
Westinghouse Electric,"95 Orange Street, Newark NJ",40.7462065,-74.1714358,copper,manufactured relay instrument and electrical equipment,,,1893,1983,"copper
lead
mercury",,"Pyranol A
copper
cutting-oil waste
lead","caustic soda
copper
grease
lead
mercury
oil","PAHs
PCBs
copper
dieldrin compounds
dioxin-associated compounds
lead
mercury",,ViacomCBS Inc. (f/k/a CBS Corporation)
"Wiggins Plastics, Inc.","180 Kingsland Road, Clifton NJ",40.8273,-74.1421173,PCBs,"manufactured thermoset and thermoplastic components for electronic, electrical and mechanical use",,,1955,present,"PAHs
PCBs
copper
dioxin-associated compounds
dioxins
lead
mercury",,"PAHs
PCBs
benzene
copper
iron
petroleum hydrocarbons
toluene
xylenes",hazardous substances,"arsenic
chlorobenzene
chloroform
copper
lead
mercury
methylene chloride
toluene","Wiggins Plastics, Inc.","Wiggins Plastics, Inc."