,FACILITY_ID,FACILITY_CODE,SYS_LOC_CODE,LOC_NAME,SAMPLE_ID,SYS_SAMPLE_CODE,SAMPLE_NAME,SAMPLE_DATE,SAMPLEDATE,SAMPLETIME,SAMPLE_TYPE_CODE,START_DEPTH,END_DEPTH,DEPTH_UNIT,MATRIX_CODE,TASK_CODE,TASK_CODE_2,PARENT_SAMPLE_CODE,FIELD_SDG,ANALYSIS_LOCATION,LAB_SAMPLE_ID,LAB_MATRIX_CODE,LAB_NAME_CODE,ANALYTIC_METHOD,ANALYSIS_DATE,COLUMN_NUMBER,FRACTION,TEST_TYPE,PREP_METHOD,LEACHATE_METHOD,LEACHATE_DATE,LAB_SDG,PERCENT_MOISTURE,DILUTION_FACTOR,TEST_ID,CAS_RN,CHEMICAL_NAME,ORGANIC_YN,REPORT_RESULT_TEXT,REPORT_RESULT_VALUE,REPORT_RESULT_UNIT,REPORT_RESULT_LIMIT,REPORT_METHOD_DETECTION_LIMIT,REPORT_REPORTING_LIMIT,REPORT_QUANTITATION_LIMIT,REPORTABLE_RESULT,DETECT_FLAG,INTERPRETED_QUALIFIERS,VALIDATOR_QUALIFIERS,LAB_QUALIFIERS,QUANTITATION_LIMIT,METHOD_DETECTION_LIMIT,REPORTING_DETECTION_LIMIT,DETECTION_LIMIT_UNIT,APPROVAL_CODE,RESULT_TEXT,RESULT_NUMERIC,RESULT_UNIT,RESULT_TYPE_CODE,LONGITUDE,LATITUDE,VALIDATED_YN,STREAM_CODE,STREAM_MILE,REMARK
0,4,NJD980528996,NBSA-SF1,Newark Bay Diamond Alkali,389678,SF1,Atterberg Limits Surface Sediment Grab Sample,2012-10-18 10:57:00,18 Oct 2012,10:57,N,0,41,cm,SE,2012 OU3 NBSA SedFlume Atterberg Limits,2012 LBG Newark Bay SedFlume Atterberg,,,LB,SF1,SE,GTPB,D4318,2012-12-11,,T,INITIAL,,,,GTX12408,,1,389701,LIQLIM,Liquid Limit,,62,62.0,%,,,,,Yes,Y,,,,,,,,,62.0,62.0,%,TRG,-74.120671,40.7179407,N,,,Atterberg Sample grabbed from surface of core
1,4,NJD980528996,NBSA-SF1,Newark Bay Diamond Alkali,389678,SF1,Atterberg Limits Surface Sediment Grab Sample,2012-10-18 10:57:00,18 Oct 2012,10:57,N,0,41,cm,SE,2012 OU3 NBSA SedFlume Atterberg Limits,2012 LBG Newark Bay SedFlume Atterberg,,,LB,SF1,SE,GTPB,D4318,2012-12-11,,T,INITIAL,,,,GTX12408,,1,389701,PLASIND,Plasticity Index,,37,37.0,%,,,,,Yes,Y,,,,,,,,,37.0,37.0,%,TRG,-74.120671,40.7179407,N,,,Atterberg Sample grabbed from surface of core
2,4,NJD980528996,NBSA-SF1,Newark Bay Diamond Alkali,389678,SF1,Atterberg Limits Surface Sediment Grab Sample,2012-10-18 10:57:00,18 Oct 2012,10:57,N,0,41,cm,SE,2012 OU3 NBSA SedFlume Atterberg Limits,2012 LBG Newark Bay SedFlume Atterberg,,,LB,SF1,SE,GTPB,D4318,2012-12-11,,T,INITIAL,,,,GTX12408,,1,389701,PLASLIM,Plastic Limit,,25,25.0,%,,,,,Yes,Y,,,,,,,,,25.0,25.0,%,TRG,-74.120671,40.7179407,N,,,Atterberg Sample grabbed from surface of core
3,4,NJD980528996,NBSA-SF10,Newark Bay Diamond Alkali,389679,SF10,Atterberg Limits Surface Sediment Grab Sample,2012-10-19 12:20:00,19 Oct 2012,12:20,N,0,30,cm,SE,2012 OU3 NBSA SedFlume Atterberg Limits,2012 LBG Newark Bay SedFlume Atterberg,,,LB,SF10,SE,GTPB,D4318,2012-12-12,,T,INITIAL,,,,GTX12408,,1,389702,PLASLIM,Plastic Limit,,35,35.0,%,,,,,Yes,Y,,,,,,,,,35.0,35.0,%,TRG,-74.1345762,40.665691,N,,,Atterberg Sample grabbed from surface of core
4,4,NJD980528996,NBSA-SF10,Newark Bay Diamond Alkali,389679,SF10,Atterberg Limits Surface Sediment Grab Sample,2012-10-19 12:20:00,19 Oct 2012,12:20,N,0,30,cm,SE,2012 OU3 NBSA SedFlume Atterberg Limits,2012 LBG Newark Bay SedFlume Atterberg,,,LB,SF10,SE,GTPB,D4318,2012-12-12,,T,INITIAL,,,,GTX12408,,1,389702,PLASIND,Plasticity Index,,64,64.0,%,,,,,Yes,Y,,,,,,,,,64.0,64.0,%,TRG,-74.1345762,40.665691,N,,,Atterberg Sample grabbed from surface of core
5,4,NJD980528996,NBSA-SF10,Newark Bay Diamond Alkali,389679,SF10,Atterberg Limits Surface Sediment Grab Sample,2012-10-19 12:20:00,19 Oct 2012,12:20,N,0,30,cm,SE,2012 OU3 NBSA SedFlume Atterberg Limits,2012 LBG Newark Bay SedFlume Atterberg,,,LB,SF10,SE,GTPB,D4318,2012-12-12,,T,INITIAL,,,,GTX12408,,1,389702,LIQLIM,Liquid Limit,,99,99.0,%,,,,,Yes,Y,,,,,,,,,99.0,99.0,%,TRG,-74.1345762,40.665691,N,,,Atterberg Sample grabbed from surface of core
6,4,NJD980528996,NBSA-SF10A,Newark Bay Diamond Alkali,389680,SF10A,Atterberg Limits Core Bottom Sediment Sample,2012-10-19 12:04:00,19 Oct 2012,12:04,N,0,32,cm,SE,2012 OU3 NBSA SedFlume Atterberg Limits,2012 LBG Newark Bay SedFlume Atterberg,,,LB,SF10A,SE,GTPB,D4318,2012-12-12,,T,INITIAL,,,,GTX12408,,1,389703,LIQLIM,Liquid Limit,,89,89.0,%,,,,,Yes,Y,,,,,,,,,89.0,89.0,%,TRG,-74.1345762,40.665691,N,,,Water Depth = 13.5 ft. Oxic layer at 1 cm
7,4,NJD980528996,NBSA-SF10A,Newark Bay Diamond Alkali,389680,SF10A,Atterberg Limits Core Bottom Sediment Sample,2012-10-19 12:04:00,19 Oct 2012,12:04,N,0,32,cm,SE,2012 OU3 NBSA SedFlume Atterberg Limits,2012 LBG Newark Bay SedFlume Atterberg,,,LB,SF10A,SE,GTPB,D4318,2012-12-12,,T,INITIAL,,,,GTX12408,,1,389703,PLASIND,Plasticity Index,,58,58.0,%,,,,,Yes,Y,,,,,,,,,58.0,58.0,%,TRG,-74.1345762,40.665691,N,,,Water Depth = 13.5 ft. Oxic layer at 1 cm
8,4,NJD980528996,NBSA-SF10A,Newark Bay Diamond Alkali,389680,SF10A,Atterberg Limits Core Bottom Sediment Sample,2012-10-19 12:04:00,19 Oct 2012,12:04,N,0,32,cm,SE,2012 OU3 NBSA SedFlume Atterberg Limits,2012 LBG Newark Bay SedFlume Atterberg,,,LB,SF10A,SE,GTPB,D4318,2012-12-12,,T,INITIAL,,,,GTX12408,,1,389703,PLASLIM,Plastic Limit,,31,31.0,%,,,,,Yes,Y,,,,,,,,,31.0,31.0,%,TRG,-74.1345762,40.665691,N,,,Water Depth = 13.5 ft. Oxic layer at 1 cm
9,4,NJD980528996,NBSA-SF10B,Newark Bay Diamond Alkali,389681,SF10B,Atterberg Limits Core Bottom Sediment Sample,2012-10-19 12:20:00,19 Oct 2012,12:20,N,0,30,cm,SE,2012 OU3 NBSA SedFlume Atterberg Limits,2012 LBG Newark Bay SedFlume Atterberg,,,LB,SF10B,SE,GTPB,D4318,2012-12-12,,T,INITIAL,,,,GTX12408,,1,389704,PLASLIM,Plastic Limit,,33,33.0,%,,,,,Yes,Y,,,,,,,,,33.0,33.0,%,TRG,-74.1345762,40.665691,N,,,Water Depth = 13.5 ft. Oxic layer at 1 cm
10,4,NJD980528996,NBSA-SF10B,Newark Bay Diamond Alkali,389681,SF10B,Atterberg Limits Core Bottom Sediment Sample,2012-10-19 12:20:00,19 Oct 2012,12:20,N,0,30,cm,SE,2012 OU3 NBSA SedFlume Atterberg Limits,2012 LBG Newark Bay SedFlume Atterberg,,,LB,SF10B,SE,GTPB,D4318,2012-12-12,,T,INITIAL,,,,GTX12408,,1,389704,PLASIND,Plasticity Index,,51,51.0,%,,,,,Yes,Y,,,,,,,,,51.0,51.0,%,TRG,-74.1345762,40.665691,N,,,Water Depth = 13.5 ft. Oxic layer at 1 cm
11,4,NJD980528996,NBSA-SF10B,Newark Bay Diamond Alkali,389681,SF10B,Atterberg Limits Core Bottom Sediment Sample,2012-10-19 12:20:00,19 Oct 2012,12:20,N,0,30,cm,SE,2012 OU3 NBSA SedFlume Atterberg Limits,2012 LBG Newark Bay SedFlume Atterberg,,,LB,SF10B,SE,GTPB,D4318,2012-12-12,,T,INITIAL,,,,GTX12408,,1,389704,LIQLIM,Liquid Limit,,84,84.0,%,,,,,Yes,Y,,,,,,,,,84.0,84.0,%,TRG,-74.1345762,40.665691,N,,,Water Depth = 13.5 ft. Oxic layer at 1 cm
12,4,NJD980528996,NBSA-SF11,Newark Bay Diamond Alkali,389682,SF11,Atterberg Limits Surface Sediment Grab Sample,2012-10-19 10:57:00,19 Oct 2012,10:57,N,0,41,cm,SE,2012 OU3 NBSA SedFlume Atterberg Limits,2012 LBG Newark Bay SedFlume Atterberg,,,LB,SF11,SE,GTPB,D4318,2012-12-12,,T,INITIAL,,,,GTX12408,,1,389705,LIQLIM,Liquid Limit,,82,82.0,%,,,,,Yes,Y,,,,,,,,,82.0,82.0,%,TRG,-74.1625619,40.6540691,N,,,Atterberg Sample grabbed from surface of core
13,4,NJD980528996,NBSA-SF11,Newark Bay Diamond Alkali,389682,SF11,Atterberg Limits Surface Sediment Grab Sample,2012-10-19 10:57:00,19 Oct 2012,10:57,N,0,41,cm,SE,2012 OU3 NBSA SedFlume Atterberg Limits,2012 LBG Newark Bay SedFlume Atterberg,,,LB,SF11,SE,GTPB,D4318,2012-12-12,,T,INITIAL,,,,GTX12408,,1,389705,PLASIND,Plasticity Index,,56,56.0,%,,,,,Yes,Y,,,,,,,,,56.0,56.0,%,TRG,-74.1625619,40.6540691,N,,,Atterberg Sample grabbed from surface of core
14,4,NJD980528996,NBSA-SF11,Newark Bay Diamond Alkali,389682,SF11,Atterberg Limits Surface Sediment Grab Sample,2012-10-19 10:57:00,19 Oct 2012,10:57,N,0,41,cm,SE,2012 OU3 NBSA SedFlume Atterberg Limits,2012 LBG Newark Bay SedFlume Atterberg,,,LB,SF11,SE,GTPB,D4318,2012-12-12,,T,INITIAL,,,,GTX12408,,1,389705,PLASLIM,Plastic Limit,,26,26.0,%,,,,,Yes,Y,,,,,,,,,26.0,26.0,%,TRG,-74.1625619,40.6540691,N,,,Atterberg Sample grabbed from surface of core
15,4,NJD980528996,NBSA-SF11B,Newark Bay Diamond Alkali,389683,SF11B,Atterberg Limits Core Bottom Sediment Sample,2012-10-19 10:57:00,19 Oct 2012,10:57,N,0,41,cm,SE,2012 OU3 NBSA SedFlume Atterberg Limits,2012 LBG Newark Bay SedFlume Atterberg,,,LB,SF11B,SE,GTPB,D4318,2012-12-12,,T,INITIAL,,,,GTX12408,,1,389706,PLASLIM,Plastic Limit,,27,27.0,%,,,,,Yes,Y,,,,,,,,,27.0,27.0,%,TRG,-74.1625619,40.6540691,N,,,"Water Depth = 12 ft. Shell present at surface of core, potential for ""deep worms."" 1 cm oxic layer, 25 cm of gray sediment."
16,4,NJD980528996,NBSA-SF11B,Newark Bay Diamond Alkali,389683,SF11B,Atterberg Limits Core Bottom Sediment Sample,2012-10-19 10:57:00,19 Oct 2012,10:57,N,0,41,cm,SE,2012 OU3 NBSA SedFlume Atterberg Limits,2012 LBG Newark Bay SedFlume Atterberg,,,LB,SF11B,SE,GTPB,D4318,2012-12-12,,T,INITIAL,,,,GTX12408,,1,389706,PLASIND,Plasticity Index,,52,52.0,%,,,,,Yes,Y,,,,,,,,,52.0,52.0,%,TRG,-74.1625619,40.6540691,N,,,"Water Depth = 12 ft. Shell present at surface of core, potential for ""deep worms."" 1 cm oxic layer, 25 cm of gray sediment."
17,4,NJD980528996,NBSA-SF11B,Newark Bay Diamond Alkali,389683,SF11B,Atterberg Limits Core Bottom Sediment Sample,2012-10-19 10:57:00,19 Oct 2012,10:57,N,0,41,cm,SE,2012 OU3 NBSA SedFlume Atterberg Limits,2012 LBG Newark Bay SedFlume Atterberg,,,LB,SF11B,SE,GTPB,D4318,2012-12-12,,T,INITIAL,,,,GTX12408,,1,389706,LIQLIM,Liquid Limit,,79,79.0,%,,,,,Yes,Y,,,,,,,,,79.0,79.0,%,TRG,-74.1625619,40.6540691,N,,,"Water Depth = 12 ft. Shell present at surface of core, potential for ""deep worms."" 1 cm oxic layer, 25 cm of gray sediment."
18,4,NJD980528996,NBSA-SF11C,Newark Bay Diamond Alkali,389684,SF11C,Atterberg Limits Core Bottom Sediment Sample,2012-10-19 11:21:00,19 Oct 2012,11:21,N,0,37,cm,SE,2012 OU3 NBSA SedFlume Atterberg Limits,2012 LBG Newark Bay SedFlume Atterberg,,,LB,SF11C,SE,GTPB,D4318,2012-12-12,,T,INITIAL,,,,GTX12408,,1,389707,LIQLIM,Liquid Limit,,56,56.0,%,,,,,Yes,Y,,,,,,,,,56.0,56.0,%,TRG,-74.1625619,40.6540691,N,,,"Water Depth = 12 ft. 1 cm oxic layer, 26 cm of gray sediment."
19,4,NJD980528996,NBSA-SF11C,Newark Bay Diamond Alkali,389684,SF11C,Atterberg Limits Core Bottom Sediment Sample,2012-10-19 11:21:00,19 Oct 2012,11:21,N,0,37,cm,SE,2012 OU3 NBSA SedFlume Atterberg Limits,2012 LBG Newark Bay SedFlume Atterberg,,,LB,SF11C,SE,GTPB,D4318,2012-12-12,,T,INITIAL,,,,GTX12408,,1,389707,PLASIND,Plasticity Index,,35,35.0,%,,,,,Yes,Y,,,,,,,,,35.0,35.0,%,TRG,-74.1625619,40.6540691,N,,,"Water Depth = 12 ft. 1 cm oxic layer, 26 cm of gray sediment."
20,4,NJD980528996,NBSA-SF11C,Newark Bay Diamond Alkali,389684,SF11C,Atterberg Limits Core Bottom Sediment Sample,2012-10-19 11:21:00,19 Oct 2012,11:21,N,0,37,cm,SE,2012 OU3 NBSA SedFlume Atterberg Limits,2012 LBG Newark Bay SedFlume Atterberg,,,LB,SF11C,SE,GTPB,D4318,2012-12-12,,T,INITIAL,,,,GTX12408,,1,389707,PLASLIM,Plastic Limit,,21,21.0,%,,,,,Yes,Y,,,,,,,,,21.0,21.0,%,TRG,-74.1625619,40.6540691,N,,,"Water Depth = 12 ft. 1 cm oxic layer, 26 cm of gray sediment."
21,4,NJD980528996,NBSA-SF12,Newark Bay Diamond Alkali,389685,SF12,Atterberg Limits Surface Sediment Grab Sample,2012-10-19 09:30:00,19 Oct 2012,09:30,N,0,28,cm,SE,2012 OU3 NBSA SedFlume Atterberg Limits,2012 LBG Newark Bay SedFlume Atterberg,,,LB,SF12,SE,GTPB,D4318,2012-12-12,,T,INITIAL,,,,GTX12408,,1,389708,PLASLIM,Plastic Limit,,23,23.0,%,,,,,Yes,Y,,,,,,,,,23.0,23.0,%,TRG,-74.1523144,40.6547832,N,,,Atterberg Sample grabbed from surface of core
22,4,NJD980528996,NBSA-SF12,Newark Bay Diamond Alkali,389685,SF12,Atterberg Limits Surface Sediment Grab Sample,2012-10-19 09:30:00,19 Oct 2012,09:30,N,0,28,cm,SE,2012 OU3 NBSA SedFlume Atterberg Limits,2012 LBG Newark Bay SedFlume Atterberg,,,LB,SF12,SE,GTPB,D4318,2012-12-12,,T,INITIAL,,,,GTX12408,,1,389708,PLASIND,Plasticity Index,,21,21.0,%,,,,,Yes,Y,,,,,,,,,21.0,21.0,%,TRG,-74.1523144,40.6547832,N,,,Atterberg Sample grabbed from surface of core
23,4,NJD980528996,NBSA-SF12,Newark Bay Diamond Alkali,389685,SF12,Atterberg Limits Surface Sediment Grab Sample,2012-10-19 09:30:00,19 Oct 2012,09:30,N,0,28,cm,SE,2012 OU3 NBSA SedFlume Atterberg Limits,2012 LBG Newark Bay SedFlume Atterberg,,,LB,SF12,SE,GTPB,D4318,2012-12-12,,T,INITIAL,,,,GTX12408,,1,389708,LIQLIM,Liquid Limit,,44,44.0,%,,,,,Yes,Y,,,,,,,,,44.0,44.0,%,TRG,-74.1523144,40.6547832,N,,,Atterberg Sample grabbed from surface of core
24,4,NJD980528996,NBSA-SF12A,Newark Bay Diamond Alkali,389686,SF12A,Atterberg Limits Core Bottom Sediment Sample,2012-10-19 09:05:00,19 Oct 2012,09:05,N,0,26,cm,SE,2012 OU3 NBSA SedFlume Atterberg Limits,2012 LBG Newark Bay SedFlume Atterberg,,,LB,SF12A,SE,GTPB,D4318,2012-12-12,,T,INITIAL,,,,GTX12408,,1,389709,LIQLIM,Liquid Limit,,47,47.0,%,,,,,Yes,Y,,,,,,,,,47.0,47.0,%,TRG,-74.1523144,40.6547832,N,,,"Water Depth = 13 ft. Tan oxic layer near surface between 2 cm - 3 cm. Naturally ""slopy"" surface."
25,4,NJD980528996,NBSA-SF12A,Newark Bay Diamond Alkali,389686,SF12A,Atterberg Limits Core Bottom Sediment Sample,2012-10-19 09:05:00,19 Oct 2012,09:05,N,0,26,cm,SE,2012 OU3 NBSA SedFlume Atterberg Limits,2012 LBG Newark Bay SedFlume Atterberg,,,LB,SF12A,SE,GTPB,D4318,2012-12-12,,T,INITIAL,,,,GTX12408,,1,389709,PLASIND,Plasticity Index,,24,24.0,%,,,,,Yes,Y,,,,,,,,,24.0,24.0,%,TRG,-74.1523144,40.6547832,N,,,"Water Depth = 13 ft. Tan oxic layer near surface between 2 cm - 3 cm. Naturally ""slopy"" surface."
26,4,NJD980528996,NBSA-SF12A,Newark Bay Diamond Alkali,389686,SF12A,Atterberg Limits Core Bottom Sediment Sample,2012-10-19 09:05:00,19 Oct 2012,09:05,N,0,26,cm,SE,2012 OU3 NBSA SedFlume Atterberg Limits,2012 LBG Newark Bay SedFlume Atterberg,,,LB,SF12A,SE,GTPB,D4318,2012-12-12,,T,INITIAL,,,,GTX12408,,1,389709,PLASLIM,Plastic Limit,,23,23.0,%,,,,,Yes,Y,,,,,,,,,23.0,23.0,%,TRG,-74.1523144,40.6547832,N,,,"Water Depth = 13 ft. Tan oxic layer near surface between 2 cm - 3 cm. Naturally ""slopy"" surface."
27,4,NJD980528996,NBSA-SF12B,Newark Bay Diamond Alkali,389787,SF12B,Atterberg Limits Core Bottom Sediment Sample,2012-10-19 09:30:00,19 Oct 2012,09:30,N,0,28,cm,SE,2012 OU3 NBSA SedFlume Atterberg Limits,2012 LBG Newark Bay SedFlume Atterberg,,,LB,SF12B,SE,GTPB,D4318,2012-12-12,,T,INITIAL,,,,GTX12408,,1,389710,PLASLIM,Plastic Limit,,23,23.0,%,,,,,Yes,Y,,,,,,,,,23.0,23.0,%,TRG,-74.1523144,40.6547832,N,,,Water Depth = 13 ft. 2 total attempts to attain accetpable recovery. Light brown oxic layer at 2.5 cm. Worms spotted in core.
28,4,NJD980528996,NBSA-SF12B,Newark Bay Diamond Alkali,389787,SF12B,Atterberg Limits Core Bottom Sediment Sample,2012-10-19 09:30:00,19 Oct 2012,09:30,N,0,28,cm,SE,2012 OU3 NBSA SedFlume Atterberg Limits,2012 LBG Newark Bay SedFlume Atterberg,,,LB,SF12B,SE,GTPB,D4318,2012-12-12,,T,INITIAL,,,,GTX12408,,1,389710,PLASIND,Plasticity Index,,18,18.0,%,,,,,Yes,Y,,,,,,,,,18.0,18.0,%,TRG,-74.1523144,40.6547832,N,,,Water Depth = 13 ft. 2 total attempts to attain accetpable recovery. Light brown oxic layer at 2.5 cm. Worms spotted in core.
29,4,NJD980528996,NBSA-SF12B,Newark Bay Diamond Alkali,389787,SF12B,Atterberg Limits Core Bottom Sediment Sample,2012-10-19 09:30:00,19 Oct 2012,09:30,N,0,28,cm,SE,2012 OU3 NBSA SedFlume Atterberg Limits,2012 LBG Newark Bay SedFlume Atterberg,,,LB,SF12B,SE,GTPB,D4318,2012-12-12,,T,INITIAL,,,,GTX12408,,1,389710,LIQLIM,Liquid Limit,,41,41.0,%,,,,,Yes,Y,,,,,,,,,41.0,41.0,%,TRG,-74.1523144,40.6547832,N,,,Water Depth = 13 ft. 2 total attempts to attain accetpable recovery. Light brown oxic layer at 2.5 cm. Worms spotted in core.
30,4,NJD980528996,NBSA-SF13,Newark Bay Diamond Alkali,389788,SF13,Atterberg Limits Surface Sediment Grab Sample,2012-10-18 14:07:00,18 Oct 2012,14:07,N,0,22,cm,SE,2012 OU3 NBSA SedFlume Atterberg Limits,2012 LBG Newark Bay SedFlume Atterberg,,,LB,SF13,SE,GTPB,D4318,2012-12-12,,T,INITIAL,,,,GTX12408,,1,389711,LIQLIM,Liquid Limit,,78,78.0,%,,,,,Yes,Y,,,,,,,,,78.0,78.0,%,TRG,-74.1456786,40.6527602,N,,,Atterberg Sample grabbed from surface of core
31,4,NJD980528996,NBSA-SF13,Newark Bay Diamond Alkali,389788,SF13,Atterberg Limits Surface Sediment Grab Sample,2012-10-18 14:07:00,18 Oct 2012,14:07,N,0,22,cm,SE,2012 OU3 NBSA SedFlume Atterberg Limits,2012 LBG Newark Bay SedFlume Atterberg,,,LB,SF13,SE,GTPB,D4318,2012-12-12,,T,INITIAL,,,,GTX12408,,1,389711,PLASIND,Plasticity Index,,45,45.0,%,,,,,Yes,Y,,,,,,,,,45.0,45.0,%,TRG,-74.1456786,40.6527602,N,,,Atterberg Sample grabbed from surface of core
32,4,NJD980528996,NBSA-SF13,Newark Bay Diamond Alkali,389788,SF13,Atterberg Limits Surface Sediment Grab Sample,2012-10-18 14:07:00,18 Oct 2012,14:07,N,0,22,cm,SE,2012 OU3 NBSA SedFlume Atterberg Limits,2012 LBG Newark Bay SedFlume Atterberg,,,LB,SF13,SE,GTPB,D4318,2012-12-12,,T,INITIAL,,,,GTX12408,,1,389711,PLASLIM,Plastic Limit,,33,33.0,%,,,,,Yes,Y,,,,,,,,,33.0,33.0,%,TRG,-74.1456786,40.6527602,N,,,Atterberg Sample grabbed from surface of core
33,4,NJD980528996,NBSA-SF13A,Newark Bay Diamond Alkali,389789,SF13A,Atterberg Limits Core Bottom Sediment Sample,2012-10-18 14:07:00,18 Oct 2012,14:07,N,0,22,cm,SE,2012 OU3 NBSA SedFlume Atterberg Limits,2012 LBG Newark Bay SedFlume Atterberg,,,LB,SF13A,SE,GTPB,D4318,2012-12-12,,T,INITIAL,,,,GTX12408,,1,389712,PLASLIM,Plastic Limit,,34,34.0,%,,,,,Yes,Y,,,,,,,,,34.0,34.0,%,TRG,-74.1456786,40.6527602,N,,,"Water Depth = 57 ft. 2 total attempts to attain acceptable recovery. Short core (22 cm), Light tan to 8 cm, change to darker sediment below 8 cm."
34,4,NJD980528996,NBSA-SF13A,Newark Bay Diamond Alkali,389789,SF13A,Atterberg Limits Core Bottom Sediment Sample,2012-10-18 14:07:00,18 Oct 2012,14:07,N,0,22,cm,SE,2012 OU3 NBSA SedFlume Atterberg Limits,2012 LBG Newark Bay SedFlume Atterberg,,,LB,SF13A,SE,GTPB,D4318,2012-12-12,,T,INITIAL,,,,GTX12408,,1,389712,PLASIND,Plasticity Index,,55,55.0,%,,,,,Yes,Y,,,,,,,,,55.0,55.0,%,TRG,-74.1456786,40.6527602,N,,,"Water Depth = 57 ft. 2 total attempts to attain acceptable recovery. Short core (22 cm), Light tan to 8 cm, change to darker sediment below 8 cm."
35,4,NJD980528996,NBSA-SF13A,Newark Bay Diamond Alkali,389789,SF13A,Atterberg Limits Core Bottom Sediment Sample,2012-10-18 14:07:00,18 Oct 2012,14:07,N,0,22,cm,SE,2012 OU3 NBSA SedFlume Atterberg Limits,2012 LBG Newark Bay SedFlume Atterberg,,,LB,SF13A,SE,GTPB,D4318,2012-12-12,,T,INITIAL,,,,GTX12408,,1,389712,LIQLIM,Liquid Limit,,89,89.0,%,,,,,Yes,Y,,,,,,,,,89.0,89.0,%,TRG,-74.1456786,40.6527602,N,,,"Water Depth = 57 ft. 2 total attempts to attain acceptable recovery. Short core (22 cm), Light tan to 8 cm, change to darker sediment below 8 cm."
36,4,NJD980528996,NBSA-SF13B,Newark Bay Diamond Alkali,389790,SF13B,Atterberg Limits Core Bottom Sediment Sample,2012-10-18 14:39:00,18 Oct 2012,14:39,N,0,23,cm,SE,2012 OU3 NBSA SedFlume Atterberg Limits,2012 LBG Newark Bay SedFlume Atterberg,,,LB,SF13B,SE,GTPB,D4318,2012-12-12,,T,INITIAL,,,,GTX12408,,1,389713,LIQLIM,Liquid Limit,,100,100.0,%,,,,,Yes,Y,,,,,,,,,100.0,100.0,%,TRG,-74.1456786,40.6527602,N,,,"Water Depth = 57 ft. Short core (23 cm), Color change at 8 cm."
37,4,NJD980528996,NBSA-SF13B,Newark Bay Diamond Alkali,389790,SF13B,Atterberg Limits Core Bottom Sediment Sample,2012-10-18 14:39:00,18 Oct 2012,14:39,N,0,23,cm,SE,2012 OU3 NBSA SedFlume Atterberg Limits,2012 LBG Newark Bay SedFlume Atterberg,,,LB,SF13B,SE,GTPB,D4318,2012-12-12,,T,INITIAL,,,,GTX12408,,1,389713,PLASIND,Plasticity Index,,68,68.0,%,,,,,Yes,Y,,,,,,,,,68.0,68.0,%,TRG,-74.1456786,40.6527602,N,,,"Water Depth = 57 ft. Short core (23 cm), Color change at 8 cm."
38,4,NJD980528996,NBSA-SF13B,Newark Bay Diamond Alkali,389790,SF13B,Atterberg Limits Core Bottom Sediment Sample,2012-10-18 14:39:00,18 Oct 2012,14:39,N,0,23,cm,SE,2012 OU3 NBSA SedFlume Atterberg Limits,2012 LBG Newark Bay SedFlume Atterberg,,,LB,SF13B,SE,GTPB,D4318,2012-12-12,,T,INITIAL,,,,GTX12408,,1,389713,PLASLIM,Plastic Limit,,32,32.0,%,,,,,Yes,Y,,,,,,,,,32.0,32.0,%,TRG,-74.1456786,40.6527602,N,,,"Water Depth = 57 ft. Short core (23 cm), Color change at 8 cm."
39,4,NJD980528996,NBSA-SF14,Newark Bay Diamond Alkali,389791,SF14,Atterberg Limits Surface Sediment Grab Sample,2012-10-18 14:34:00,18 Oct 2012,14:34,N,0,41,cm,SE,2012 OU3 NBSA SedFlume Atterberg Limits,2012 LBG Newark Bay SedFlume Atterberg,,,LB,SF14,SE,GTPB,D4318,2012-12-12,,T,INITIAL,,,,GTX12408,,1,389714,PLASLIM,Plastic Limit,,26,26.0,%,,,,,Yes,Y,,,,,,,,,26.0,26.0,%,TRG,-74.1439209,40.6519964,N,,,Atterberg Sample grabbed from surface of core
40,4,NJD980528996,NBSA-SF14,Newark Bay Diamond Alkali,389791,SF14,Atterberg Limits Surface Sediment Grab Sample,2012-10-18 14:34:00,18 Oct 2012,14:34,N,0,41,cm,SE,2012 OU3 NBSA SedFlume Atterberg Limits,2012 LBG Newark Bay SedFlume Atterberg,,,LB,SF14,SE,GTPB,D4318,2012-12-12,,T,INITIAL,,,,GTX12408,,1,389714,PLASIND,Plasticity Index,,51,51.0,%,,,,,Yes,Y,,,,,,,,,51.0,51.0,%,TRG,-74.1439209,40.6519964,N,,,Atterberg Sample grabbed from surface of core
41,4,NJD980528996,NBSA-SF14,Newark Bay Diamond Alkali,389791,SF14,Atterberg Limits Surface Sediment Grab Sample,2012-10-18 14:34:00,18 Oct 2012,14:34,N,0,41,cm,SE,2012 OU3 NBSA SedFlume Atterberg Limits,2012 LBG Newark Bay SedFlume Atterberg,,,LB,SF14,SE,GTPB,D4318,2012-12-12,,T,INITIAL,,,,GTX12408,,1,389714,LIQLIM,Liquid Limit,,77,77.0,%,,,,,Yes,Y,,,,,,,,,77.0,77.0,%,TRG,-74.1439209,40.6519964,N,,,Atterberg Sample grabbed from surface of core
42,4,NJD980528996,NBSA-SF14A,Newark Bay Diamond Alkali,389792,SF14A,Atterberg Limits Core Bottom Sediment Sample,2012-10-18 13:58:00,18 Oct 2012,13:58,N,0,46,cm,SE,2012 OU3 NBSA SedFlume Atterberg Limits,2012 LBG Newark Bay SedFlume Atterberg,,,LB,SF14A,SE,GTPB,D4318,2012-12-12,,T,INITIAL,,,,GTX12408,,1,389715,LIQLIM,Liquid Limit,,58,58.0,%,,,,,Yes,Y,,,,,,,,,58.0,58.0,%,TRG,-74.1438932,40.6520242,N,,,Water Depth = 10 ft. Uneven surface and variable coloration.
43,4,NJD980528996,NBSA-SF14A,Newark Bay Diamond Alkali,389792,SF14A,Atterberg Limits Core Bottom Sediment Sample,2012-10-18 13:58:00,18 Oct 2012,13:58,N,0,46,cm,SE,2012 OU3 NBSA SedFlume Atterberg Limits,2012 LBG Newark Bay SedFlume Atterberg,,,LB,SF14A,SE,GTPB,D4318,2012-12-12,,T,INITIAL,,,,GTX12408,,1,389715,PLASIND,Plasticity Index,,33,33.0,%,,,,,Yes,Y,,,,,,,,,33.0,33.0,%,TRG,-74.1438932,40.6520242,N,,,Water Depth = 10 ft. Uneven surface and variable coloration.
44,4,NJD980528996,NBSA-SF14A,Newark Bay Diamond Alkali,389792,SF14A,Atterberg Limits Core Bottom Sediment Sample,2012-10-18 13:58:00,18 Oct 2012,13:58,N,0,46,cm,SE,2012 OU3 NBSA SedFlume Atterberg Limits,2012 LBG Newark Bay SedFlume Atterberg,,,LB,SF14A,SE,GTPB,D4318,2012-12-12,,T,INITIAL,,,,GTX12408,,1,389715,PLASLIM,Plastic Limit,,25,25.0,%,,,,,Yes,Y,,,,,,,,,25.0,25.0,%,TRG,-74.1438932,40.6520242,N,,,Water Depth = 10 ft. Uneven surface and variable coloration.
45,4,NJD980528996,NBSA-SF14B,Newark Bay Diamond Alkali,389793,SF14B,Atterberg Limits Core Bottom Sediment Sample,2012-10-18 14:34:00,18 Oct 2012,14:34,N,0,41,cm,SE,2012 OU3 NBSA SedFlume Atterberg Limits,2012 LBG Newark Bay SedFlume Atterberg,,,LB,SF14B,SE,GTPB,D4318,2012-12-12,,T,INITIAL,,,,GTX12408,,1,389716,PLASLIM,Plastic Limit,,25,25.0,%,,,,,Yes,Y,,,,,,,,,25.0,25.0,%,TRG,-74.1439209,40.6519964,N,,,"Water Depth = 8.7 ft. 3 total attempts to attain acceptable recovery. Color change at tan oxic layer top 2 cm, metallic flakes present in top layer; sloped to one side."
46,4,NJD980528996,NBSA-SF14B,Newark Bay Diamond Alkali,389793,SF14B,Atterberg Limits Core Bottom Sediment Sample,2012-10-18 14:34:00,18 Oct 2012,14:34,N,0,41,cm,SE,2012 OU3 NBSA SedFlume Atterberg Limits,2012 LBG Newark Bay SedFlume Atterberg,,,LB,SF14B,SE,GTPB,D4318,2012-12-12,,T,INITIAL,,,,GTX12408,,1,389716,PLASIND,Plasticity Index,,38,38.0,%,,,,,Yes,Y,,,,,,,,,38.0,38.0,%,TRG,-74.1439209,40.6519964,N,,,"Water Depth = 8.7 ft. 3 total attempts to attain acceptable recovery. Color change at tan oxic layer top 2 cm, metallic flakes present in top layer; sloped to one side."
47,4,NJD980528996,NBSA-SF14B,Newark Bay Diamond Alkali,389793,SF14B,Atterberg Limits Core Bottom Sediment Sample,2012-10-18 14:34:00,18 Oct 2012,14:34,N,0,41,cm,SE,2012 OU3 NBSA SedFlume Atterberg Limits,2012 LBG Newark Bay SedFlume Atterberg,,,LB,SF14B,SE,GTPB,D4318,2012-12-12,,T,INITIAL,,,,GTX12408,,1,389716,LIQLIM,Liquid Limit,,63,63.0,%,,,,,Yes,Y,,,,,,,,,63.0,63.0,%,TRG,-74.1439209,40.6519964,N,,,"Water Depth = 8.7 ft. 3 total attempts to attain acceptable recovery. Color change at tan oxic layer top 2 cm, metallic flakes present in top layer; sloped to one side."
48,4,NJD980528996,NBSA-SF1A,Newark Bay Diamond Alkali,389794,SF1A,Atterberg Limits Core Bottom Sediment Sample,2012-10-18 10:34:00,18 Oct 2012,10:34,N,0,37,cm,SE,2012 OU3 NBSA SedFlume Atterberg Limits,2012 LBG Newark Bay SedFlume Atterberg,,,LB,SF1A,SE,GTPB,D4318,2012-12-11,,T,INITIAL,,,,GTX12408,,1,389717,LIQLIM,Liquid Limit,,73,73.0,%,,,,,Yes,Y,,,,,,,,,73.0,73.0,%,TRG,-74.1206432,40.7179407,N,,,Water Depth = 8.5 ft. Color change brown to gray at 5 cm
49,4,NJD980528996,NBSA-SF1A,Newark Bay Diamond Alkali,389794,SF1A,Atterberg Limits Core Bottom Sediment Sample,2012-10-18 10:34:00,18 Oct 2012,10:34,N,0,37,cm,SE,2012 OU3 NBSA SedFlume Atterberg Limits,2012 LBG Newark Bay SedFlume Atterberg,,,LB,SF1A,SE,GTPB,D4318,2012-12-11,,T,INITIAL,,,,GTX12408,,1,389717,PLASIND,Plasticity Index,,45,45.0,%,,,,,Yes,Y,,,,,,,,,45.0,45.0,%,TRG,-74.1206432,40.7179407,N,,,Water Depth = 8.5 ft. Color change brown to gray at 5 cm
50,4,NJD980528996,NBSA-SF1A,Newark Bay Diamond Alkali,389794,SF1A,Atterberg Limits Core Bottom Sediment Sample,2012-10-18 10:34:00,18 Oct 2012,10:34,N,0,37,cm,SE,2012 OU3 NBSA SedFlume Atterberg Limits,2012 LBG Newark Bay SedFlume Atterberg,,,LB,SF1A,SE,GTPB,D4318,2012-12-11,,T,INITIAL,,,,GTX12408,,1,389717,PLASLIM,Plastic Limit,,28,28.0,%,,,,,Yes,Y,,,,,,,,,28.0,28.0,%,TRG,-74.1206432,40.7179407,N,,,Water Depth = 8.5 ft. Color change brown to gray at 5 cm
51,4,NJD980528996,NBSA-SF1B,Newark Bay Diamond Alkali,389795,SF1B,Atterberg Limits Core Bottom Sediment Sample,2012-10-18 10:57:00,18 Oct 2012,10:57,N,0,41,cm,SE,2012 OU3 NBSA SedFlume Atterberg Limits,2012 LBG Newark Bay SedFlume Atterberg,,,LB,SF1B,SE,GTPB,D4318,2012-12-11,,T,INITIAL,,,,GTX12408,,1,389718,PLASLIM,Plastic Limit,,28,28.0,%,,,,,Yes,Y,,,,,,,,,28.0,28.0,%,TRG,-74.120671,40.7179407,N,,,Water Depth = 9.3 ft. Color change brown to gray at 1.5 cm. Atterberg sample retrieved at 11:22. Undisturbed surface
52,4,NJD980528996,NBSA-SF1B,Newark Bay Diamond Alkali,389795,SF1B,Atterberg Limits Core Bottom Sediment Sample,2012-10-18 10:57:00,18 Oct 2012,10:57,N,0,41,cm,SE,2012 OU3 NBSA SedFlume Atterberg Limits,2012 LBG Newark Bay SedFlume Atterberg,,,LB,SF1B,SE,GTPB,D4318,2012-12-11,,T,INITIAL,,,,GTX12408,,1,389718,PLASIND,Plasticity Index,,50,50.0,%,,,,,Yes,Y,,,,,,,,,50.0,50.0,%,TRG,-74.120671,40.7179407,N,,,Water Depth = 9.3 ft. Color change brown to gray at 1.5 cm. Atterberg sample retrieved at 11:22. Undisturbed surface
53,4,NJD980528996,NBSA-SF1B,Newark Bay Diamond Alkali,389795,SF1B,Atterberg Limits Core Bottom Sediment Sample,2012-10-18 10:57:00,18 Oct 2012,10:57,N,0,41,cm,SE,2012 OU3 NBSA SedFlume Atterberg Limits,2012 LBG Newark Bay SedFlume Atterberg,,,LB,SF1B,SE,GTPB,D4318,2012-12-11,,T,INITIAL,,,,GTX12408,,1,389718,LIQLIM,Liquid Limit,,78,78.0,%,,,,,Yes,Y,,,,,,,,,78.0,78.0,%,TRG,-74.120671,40.7179407,N,,,Water Depth = 9.3 ft. Color change brown to gray at 1.5 cm. Atterberg sample retrieved at 11:22. Undisturbed surface
54,4,NJD980528996,NBSA-SF2,Newark Bay Diamond Alkali,389796,SF2,Atterberg Limits Surface Sediment Grab Sample,2012-10-18 11:44:00,18 Oct 2012,11:44,N,0,32,cm,SE,2012 OU3 NBSA SedFlume Atterberg Limits,2012 LBG Newark Bay SedFlume Atterberg,,,LB,SF2,SE,GTPB,D4318,2012-12-11,,T,INITIAL,,,,GTX12408,,1,389719,LIQLIM,Liquid Limit,,42,42.0,%,,,,,Yes,Y,,,,,,,,,42.0,42.0,%,TRG,-74.1133932,40.7149685,N,,,Atterberg Sample grabbed from surface of core
55,4,NJD980528996,NBSA-SF2,Newark Bay Diamond Alkali,389796,SF2,Atterberg Limits Surface Sediment Grab Sample,2012-10-18 11:44:00,18 Oct 2012,11:44,N,0,32,cm,SE,2012 OU3 NBSA SedFlume Atterberg Limits,2012 LBG Newark Bay SedFlume Atterberg,,,LB,SF2,SE,GTPB,D4318,2012-12-11,,T,INITIAL,,,,GTX12408,,1,389719,PLASIND,Plasticity Index,,23,23.0,%,,,,,Yes,Y,,,,,,,,,23.0,23.0,%,TRG,-74.1133932,40.7149685,N,,,Atterberg Sample grabbed from surface of core
56,4,NJD980528996,NBSA-SF2,Newark Bay Diamond Alkali,389796,SF2,Atterberg Limits Surface Sediment Grab Sample,2012-10-18 11:44:00,18 Oct 2012,11:44,N,0,32,cm,SE,2012 OU3 NBSA SedFlume Atterberg Limits,2012 LBG Newark Bay SedFlume Atterberg,,,LB,SF2,SE,GTPB,D4318,2012-12-11,,T,INITIAL,,,,GTX12408,,1,389719,PLASLIM,Plastic Limit,,19,19.0,%,,,,,Yes,Y,,,,,,,,,19.0,19.0,%,TRG,-74.1133932,40.7149685,N,,,Atterberg Sample grabbed from surface of core
57,4,NJD980528996,NBSA-SF2A,Newark Bay Diamond Alkali,389797,SF2A,Atterberg Limits Core Bottom Sediment Sample,2012-10-18 11:44:00,18 Oct 2012,11:44,N,0,32,cm,SE,2012 OU3 NBSA SedFlume Atterberg Limits,2012 LBG Newark Bay SedFlume Atterberg,,,LB,SF2A,SE,GTPB,D4318,2012-12-12,,T,INITIAL,,,,GTX12408,,1,389720,PLASLIM,Plastic Limit,,26,26.0,%,,,,,Yes,Y,,,,,,,,,26.0,26.0,%,TRG,-74.1133932,40.7149685,N,,,"Water Depth = 11.2 ft. Oxic layer, tan at 2 cm."
58,4,NJD980528996,NBSA-SF2A,Newark Bay Diamond Alkali,389797,SF2A,Atterberg Limits Core Bottom Sediment Sample,2012-10-18 11:44:00,18 Oct 2012,11:44,N,0,32,cm,SE,2012 OU3 NBSA SedFlume Atterberg Limits,2012 LBG Newark Bay SedFlume Atterberg,,,LB,SF2A,SE,GTPB,D4318,2012-12-12,,T,INITIAL,,,,GTX12408,,1,389720,PLASIND,Plasticity Index,,31,31.0,%,,,,,Yes,Y,,,,,,,,,31.0,31.0,%,TRG,-74.1133932,40.7149685,N,,,"Water Depth = 11.2 ft. Oxic layer, tan at 2 cm."
59,4,NJD980528996,NBSA-SF2A,Newark Bay Diamond Alkali,389797,SF2A,Atterberg Limits Core Bottom Sediment Sample,2012-10-18 11:44:00,18 Oct 2012,11:44,N,0,32,cm,SE,2012 OU3 NBSA SedFlume Atterberg Limits,2012 LBG Newark Bay SedFlume Atterberg,,,LB,SF2A,SE,GTPB,D4318,2012-12-12,,T,INITIAL,,,,GTX12408,,1,389720,LIQLIM,Liquid Limit,,57,57.0,%,,,,,Yes,Y,,,,,,,,,57.0,57.0,%,TRG,-74.1133932,40.7149685,N,,,"Water Depth = 11.2 ft. Oxic layer, tan at 2 cm."
60,4,NJD980528996,NBSA-SF2B,Newark Bay Diamond Alkali,389798,SF2B,Atterberg Limits Core Bottom Sediment Sample,2012-10-18 12:39:00,18 Oct 2012,12:39,N,0,30,cm,SE,2012 OU3 NBSA SedFlume Atterberg Limits,2012 LBG Newark Bay SedFlume Atterberg,,,LB,SF2B,SE,GTPB,D4318,2012-12-11,,T,INITIAL,,,,GTX12408,,1,389721,LIQLIM,Liquid Limit,,65,65.0,%,,,,,Yes,Y,,,,,,,,,65.0,65.0,%,TRG,-74.1133932,40.7149685,N,,,"Water Depth = 11.9 ft. Slight edge disturbance, variable coloration."
61,4,NJD980528996,NBSA-SF2B,Newark Bay Diamond Alkali,389798,SF2B,Atterberg Limits Core Bottom Sediment Sample,2012-10-18 12:39:00,18 Oct 2012,12:39,N,0,30,cm,SE,2012 OU3 NBSA SedFlume Atterberg Limits,2012 LBG Newark Bay SedFlume Atterberg,,,LB,SF2B,SE,GTPB,D4318,2012-12-11,,T,INITIAL,,,,GTX12408,,1,389721,PLASIND,Plasticity Index,,36,36.0,%,,,,,Yes,Y,,,,,,,,,36.0,36.0,%,TRG,-74.1133932,40.7149685,N,,,"Water Depth = 11.9 ft. Slight edge disturbance, variable coloration."
62,4,NJD980528996,NBSA-SF2B,Newark Bay Diamond Alkali,389798,SF2B,Atterberg Limits Core Bottom Sediment Sample,2012-10-18 12:39:00,18 Oct 2012,12:39,N,0,30,cm,SE,2012 OU3 NBSA SedFlume Atterberg Limits,2012 LBG Newark Bay SedFlume Atterberg,,,LB,SF2B,SE,GTPB,D4318,2012-12-11,,T,INITIAL,,,,GTX12408,,1,389721,PLASLIM,Plastic Limit,,29,29.0,%,,,,,Yes,Y,,,,,,,,,29.0,29.0,%,TRG,-74.1133932,40.7149685,N,,,"Water Depth = 11.9 ft. Slight edge disturbance, variable coloration."
63,4,NJD980528996,NBSA-SF3,Newark Bay Diamond Alkali,389799,SF3,Atterberg Limits Surface Sediment Grab Sample,2012-10-16 16:00:00,16 Oct 2012,16:00,N,0,33,cm,SE,2012 OU3 NBSA SedFlume Atterberg Limits,2012 LBG Newark Bay SedFlume Atterberg,,,LB,SF3,SE,GTPB,D4318,2012-12-12,,T,INITIAL,,,,GTX12408,,1,389722,PLASLIM,Plastic Limit,,39,39.0,%,,,,,Yes,Y,,,,,,,,,39.0,39.0,%,TRG,-74.1214918,40.7107974,N,,,Atterberg Sample grabbed from surface of core
64,4,NJD980528996,NBSA-SF3,Newark Bay Diamond Alkali,389799,SF3,Atterberg Limits Surface Sediment Grab Sample,2012-10-16 16:00:00,16 Oct 2012,16:00,N,0,33,cm,SE,2012 OU3 NBSA SedFlume Atterberg Limits,2012 LBG Newark Bay SedFlume Atterberg,,,LB,SF3,SE,GTPB,D4318,2012-12-12,,T,INITIAL,,,,GTX12408,,1,389722,PLASIND,Plasticity Index,,37,37.0,%,,,,,Yes,Y,,,,,,,,,37.0,37.0,%,TRG,-74.1214918,40.7107974,N,,,Atterberg Sample grabbed from surface of core
65,4,NJD980528996,NBSA-SF3,Newark Bay Diamond Alkali,389799,SF3,Atterberg Limits Surface Sediment Grab Sample,2012-10-16 16:00:00,16 Oct 2012,16:00,N,0,33,cm,SE,2012 OU3 NBSA SedFlume Atterberg Limits,2012 LBG Newark Bay SedFlume Atterberg,,,LB,SF3,SE,GTPB,D4318,2012-12-12,,T,INITIAL,,,,GTX12408,,1,389722,LIQLIM,Liquid Limit,,76,76.0,%,,,,,Yes,Y,,,,,,,,,76.0,76.0,%,TRG,-74.1214918,40.7107974,N,,,Atterberg Sample grabbed from surface of core
66,4,NJD980528996,NBSA-SF3A,Newark Bay Diamond Alkali,389800,SF3A,Atterberg Limits Core Bottom Sediment Sample,2012-10-16 12:04:00,16 Oct 2012,12:04,N,0,33,cm,SE,2012 OU3 NBSA SedFlume Atterberg Limits,2012 LBG Newark Bay SedFlume Atterberg,,,LB,SF3A,SE,GTPB,D4318,2012-12-12,,T,INITIAL,,,,GTX12408,,1,389723,LIQLIM,Liquid Limit,,95,95.0,%,,,,,Yes,Y,,,,,,,,,95.0,95.0,%,TRG,-74.1214115,40.7107789,N,,,"First recovery rejected, second recovery accepted. Water Depth (1st attempt) = 24.9 ft; Water Depth (2nd attempt) = 18.7 ft. Slightly convexed surface. Recovery is on short side but core is held."
67,4,NJD980528996,NBSA-SF3A,Newark Bay Diamond Alkali,389800,SF3A,Atterberg Limits Core Bottom Sediment Sample,2012-10-16 12:04:00,16 Oct 2012,12:04,N,0,33,cm,SE,2012 OU3 NBSA SedFlume Atterberg Limits,2012 LBG Newark Bay SedFlume Atterberg,,,LB,SF3A,SE,GTPB,D4318,2012-12-12,,T,INITIAL,,,,GTX12408,,1,389723,PLASIND,Plasticity Index,,48,48.0,%,,,,,Yes,Y,,,,,,,,,48.0,48.0,%,TRG,-74.1214115,40.7107789,N,,,"First recovery rejected, second recovery accepted. Water Depth (1st attempt) = 24.9 ft; Water Depth (2nd attempt) = 18.7 ft. Slightly convexed surface. Recovery is on short side but core is held."
68,4,NJD980528996,NBSA-SF3A,Newark Bay Diamond Alkali,389800,SF3A,Atterberg Limits Core Bottom Sediment Sample,2012-10-16 12:04:00,16 Oct 2012,12:04,N,0,33,cm,SE,2012 OU3 NBSA SedFlume Atterberg Limits,2012 LBG Newark Bay SedFlume Atterberg,,,LB,SF3A,SE,GTPB,D4318,2012-12-12,,T,INITIAL,,,,GTX12408,,1,389723,PLASLIM,Plastic Limit,,47,47.0,%,,,,,Yes,Y,,,,,,,,,47.0,47.0,%,TRG,-74.1214115,40.7107789,N,,,"First recovery rejected, second recovery accepted. Water Depth (1st attempt) = 24.9 ft; Water Depth (2nd attempt) = 18.7 ft. Slightly convexed surface. Recovery is on short side but core is held."
69,4,NJD980528996,NBSA-SF3B,Newark Bay Diamond Alkali,389801,SF3B,Atterberg Limits Core Bottom Sediment Sample,2012-10-16 16:00:00,16 Oct 2012,16:00,N,0,33,cm,SE,2012 OU3 NBSA SedFlume Atterberg Limits,2012 LBG Newark Bay SedFlume Atterberg,,,LB,SF3B,SE,GTPB,D4318,2012-12-12,,T,INITIAL,,,,GTX12408,,1,389724,PLASLIM,Plastic Limit,,56,56.0,%,,,,,Yes,Y,,,,,,,,,56.0,56.0,%,TRG,-74.1214918,40.7107974,N,,,Water Depth=16.6 ft.  Organic material throughout cores. First 3 rejected cores combined/saved for consolidation bucket SF3B1.  Final core has slight discontinuities and air bubble percolation through very top section.
70,4,NJD980528996,NBSA-SF3B,Newark Bay Diamond Alkali,389801,SF3B,Atterberg Limits Core Bottom Sediment Sample,2012-10-16 16:00:00,16 Oct 2012,16:00,N,0,33,cm,SE,2012 OU3 NBSA SedFlume Atterberg Limits,2012 LBG Newark Bay SedFlume Atterberg,,,LB,SF3B,SE,GTPB,D4318,2012-12-12,,T,INITIAL,,,,GTX12408,,1,389724,PLASIND,Plasticity Index,,42,42.0,%,,,,,Yes,Y,,,,,,,,,42.0,42.0,%,TRG,-74.1214918,40.7107974,N,,,Water Depth=16.6 ft.  Organic material throughout cores. First 3 rejected cores combined/saved for consolidation bucket SF3B1.  Final core has slight discontinuities and air bubble percolation through very top section.
71,4,NJD980528996,NBSA-SF3B,Newark Bay Diamond Alkali,389801,SF3B,Atterberg Limits Core Bottom Sediment Sample,2012-10-16 16:00:00,16 Oct 2012,16:00,N,0,33,cm,SE,2012 OU3 NBSA SedFlume Atterberg Limits,2012 LBG Newark Bay SedFlume Atterberg,,,LB,SF3B,SE,GTPB,D4318,2012-12-12,,T,INITIAL,,,,GTX12408,,1,389724,LIQLIM,Liquid Limit,,98,98.0,%,,,,,Yes,Y,,,,,,,,,98.0,98.0,%,TRG,-74.1214918,40.7107974,N,,,Water Depth=16.6 ft.  Organic material throughout cores. First 3 rejected cores combined/saved for consolidation bucket SF3B1.  Final core has slight discontinuities and air bubble percolation through very top section.
72,4,NJD980528996,NBSA-SF4,Newark Bay Diamond Alkali,389802,SF4,Atterberg Limits Surface Sediment Grab Sample,2012-10-17 16:00:00,17 Oct 2012,16:00,N,0,40,cm,SE,2012 OU3 NBSA SedFlume Atterberg Limits,2012 LBG Newark Bay SedFlume Atterberg,,,LB,SF4,SE,GTPB,D4318,2012-12-12,,T,INITIAL,,,,GTX12408,,1,389725,LIQLIM,Liquid Limit,,80,80.0,%,,,,,Yes,Y,,,,,,,,,80.0,80.0,%,TRG,-74.1135079,40.6984601,N,,,Atterberg Sample grabbed from surface of core
73,4,NJD980528996,NBSA-SF4,Newark Bay Diamond Alkali,389802,SF4,Atterberg Limits Surface Sediment Grab Sample,2012-10-17 16:00:00,17 Oct 2012,16:00,N,0,40,cm,SE,2012 OU3 NBSA SedFlume Atterberg Limits,2012 LBG Newark Bay SedFlume Atterberg,,,LB,SF4,SE,GTPB,D4318,2012-12-12,,T,INITIAL,,,,GTX12408,,1,389725,PLASIND,Plasticity Index,,51,51.0,%,,,,,Yes,Y,,,,,,,,,51.0,51.0,%,TRG,-74.1135079,40.6984601,N,,,Atterberg Sample grabbed from surface of core
74,4,NJD980528996,NBSA-SF4,Newark Bay Diamond Alkali,389802,SF4,Atterberg Limits Surface Sediment Grab Sample,2012-10-17 16:00:00,17 Oct 2012,16:00,N,0,40,cm,SE,2012 OU3 NBSA SedFlume Atterberg Limits,2012 LBG Newark Bay SedFlume Atterberg,,,LB,SF4,SE,GTPB,D4318,2012-12-12,,T,INITIAL,,,,GTX12408,,1,389725,PLASLIM,Plastic Limit,,29,29.0,%,,,,,Yes,Y,,,,,,,,,29.0,29.0,%,TRG,-74.1135079,40.6984601,N,,,Atterberg Sample grabbed from surface of core
75,4,NJD980528996,NBSA-SF4A,Newark Bay Diamond Alkali,389803,SF4A,Atterberg Limits Core Bottom Sediment Sample,2012-10-17 16:00:00,17 Oct 2012,16:00,N,0,40,cm,SE,2012 OU3 NBSA SedFlume Atterberg Limits,2012 LBG Newark Bay SedFlume Atterberg,,,LB,SF4A,SE,GTPB,D4318,2012-12-12,,T,INITIAL,,,,GTX12408,,1,389726,PLASLIM,Plastic Limit,,30,30.0,%,,,,,Yes,Y,,,,,,,,,30.0,30.0,%,TRG,-74.1135079,40.6984601,N,,,"Water Depth = Not recorded; Color change: top 3 cm light brown, 3 cm - 22 cm dark gray, 32 cm - 40 cm light gray."
76,4,NJD980528996,NBSA-SF4A,Newark Bay Diamond Alkali,389803,SF4A,Atterberg Limits Core Bottom Sediment Sample,2012-10-17 16:00:00,17 Oct 2012,16:00,N,0,40,cm,SE,2012 OU3 NBSA SedFlume Atterberg Limits,2012 LBG Newark Bay SedFlume Atterberg,,,LB,SF4A,SE,GTPB,D4318,2012-12-12,,T,INITIAL,,,,GTX12408,,1,389726,PLASIND,Plasticity Index,,68,68.0,%,,,,,Yes,Y,,,,,,,,,68.0,68.0,%,TRG,-74.1135079,40.6984601,N,,,"Water Depth = Not recorded; Color change: top 3 cm light brown, 3 cm - 22 cm dark gray, 32 cm - 40 cm light gray."
77,4,NJD980528996,NBSA-SF4A,Newark Bay Diamond Alkali,389803,SF4A,Atterberg Limits Core Bottom Sediment Sample,2012-10-17 16:00:00,17 Oct 2012,16:00,N,0,40,cm,SE,2012 OU3 NBSA SedFlume Atterberg Limits,2012 LBG Newark Bay SedFlume Atterberg,,,LB,SF4A,SE,GTPB,D4318,2012-12-12,,T,INITIAL,,,,GTX12408,,1,389726,LIQLIM,Liquid Limit,,98,98.0,%,,,,,Yes,Y,,,,,,,,,98.0,98.0,%,TRG,-74.1135079,40.6984601,N,,,"Water Depth = Not recorded; Color change: top 3 cm light brown, 3 cm - 22 cm dark gray, 32 cm - 40 cm light gray."
78,4,NJD980528996,NBSA-SF4B,Newark Bay Diamond Alkali,389804,SF4B,Atterberg Limits Core Bottom Sediment Sample,2012-10-17 16:00:00,17 Oct 2012,16:00,N,0,49,cm,SE,2012 OU3 NBSA SedFlume Atterberg Limits,2012 LBG Newark Bay SedFlume Atterberg,,,LB,SF4B,SE,GTPB,D4318,2012-12-12,,T,INITIAL,,,,GTX12408,,1,389727,LIQLIM,Liquid Limit,,53,53.0,%,,,,,Yes,Y,,,,,,,,,53.0,53.0,%,TRG,-74.1134602,40.69848,N,,,Water Depth = 5 ft. 2 attempts to recover accetpable core. Top 2 cm brown oxic clay.
79,4,NJD980528996,NBSA-SF4B,Newark Bay Diamond Alkali,389804,SF4B,Atterberg Limits Core Bottom Sediment Sample,2012-10-17 16:00:00,17 Oct 2012,16:00,N,0,49,cm,SE,2012 OU3 NBSA SedFlume Atterberg Limits,2012 LBG Newark Bay SedFlume Atterberg,,,LB,SF4B,SE,GTPB,D4318,2012-12-12,,T,INITIAL,,,,GTX12408,,1,389727,PLASIND,Plasticity Index,,27,27.0,%,,,,,Yes,Y,,,,,,,,,27.0,27.0,%,TRG,-74.1134602,40.69848,N,,,Water Depth = 5 ft. 2 attempts to recover accetpable core. Top 2 cm brown oxic clay.
80,4,NJD980528996,NBSA-SF4B,Newark Bay Diamond Alkali,389804,SF4B,Atterberg Limits Core Bottom Sediment Sample,2012-10-17 16:00:00,17 Oct 2012,16:00,N,0,49,cm,SE,2012 OU3 NBSA SedFlume Atterberg Limits,2012 LBG Newark Bay SedFlume Atterberg,,,LB,SF4B,SE,GTPB,D4318,2012-12-12,,T,INITIAL,,,,GTX12408,,1,389727,PLASLIM,Plastic Limit,,26,26.0,%,,,,,Yes,Y,,,,,,,,,26.0,26.0,%,TRG,-74.1134602,40.69848,N,,,Water Depth = 5 ft. 2 attempts to recover accetpable core. Top 2 cm brown oxic clay.
81,4,NJD980528996,NBSA-SF5,Newark Bay Diamond Alkali,389805,SF5,Atterberg Limits Surface Sediment Grab Sample,2012-10-17 13:31:00,17 Oct 2012,13:31,N,0,37,cm,SE,2012 OU3 NBSA SedFlume Atterberg Limits,2012 LBG Newark Bay SedFlume Atterberg,,,LB,SF5,SE,GTPB,D4318,2012-12-12,,T,INITIAL,,,,GTX12408,,1,389728,PLASLIM,Plastic Limit,,18,18.0,%,,,,,Yes,Y,,,,,,,,,18.0,18.0,%,TRG,-74.1245752,40.6944483,N,,,Atterberg Sample grabbed from surface of core
82,4,NJD980528996,NBSA-SF5,Newark Bay Diamond Alkali,389805,SF5,Atterberg Limits Surface Sediment Grab Sample,2012-10-17 13:31:00,17 Oct 2012,13:31,N,0,37,cm,SE,2012 OU3 NBSA SedFlume Atterberg Limits,2012 LBG Newark Bay SedFlume Atterberg,,,LB,SF5,SE,GTPB,D4318,2012-12-12,,T,INITIAL,,,,GTX12408,,1,389728,PLASIND,Plasticity Index,,16,16.0,%,,,,,Yes,Y,,,,,,,,,16.0,16.0,%,TRG,-74.1245752,40.6944483,N,,,Atterberg Sample grabbed from surface of core
83,4,NJD980528996,NBSA-SF5,Newark Bay Diamond Alkali,389805,SF5,Atterberg Limits Surface Sediment Grab Sample,2012-10-17 13:31:00,17 Oct 2012,13:31,N,0,37,cm,SE,2012 OU3 NBSA SedFlume Atterberg Limits,2012 LBG Newark Bay SedFlume Atterberg,,,LB,SF5,SE,GTPB,D4318,2012-12-12,,T,INITIAL,,,,GTX12408,,1,389728,LIQLIM,Liquid Limit,,34,34.0,%,,,,,Yes,Y,,,,,,,,,34.0,34.0,%,TRG,-74.1245752,40.6944483,N,,,Atterberg Sample grabbed from surface of core
84,4,NJD980528996,NBSA-SF5A,Newark Bay Diamond Alkali,389806,SF5A,Atterberg Limits Core Bottom Sediment Sample,2012-10-17 13:31:00,17 Oct 2012,13:31,N,0,37,cm,SE,2012 OU3 NBSA SedFlume Atterberg Limits,2012 LBG Newark Bay SedFlume Atterberg,,,LB,SF5A,SE,GTPB,D4318,2012-12-12,,T,INITIAL,,,,GTX12408,,1,389729,LIQLIM,Liquid Limit,,30,30.0,%,,,,,Yes,Y,,,,,,,,,30.0,30.0,%,TRG,-74.1245752,40.6944483,N,,,"Water Depth = 6 ft. Light low density layer on surface, sediment changes from tan/gray to darker gray at 9 cm. Color changes again to a reddish brown  around 24 cm."
85,4,NJD980528996,NBSA-SF5A,Newark Bay Diamond Alkali,389806,SF5A,Atterberg Limits Core Bottom Sediment Sample,2012-10-17 13:31:00,17 Oct 2012,13:31,N,0,37,cm,SE,2012 OU3 NBSA SedFlume Atterberg Limits,2012 LBG Newark Bay SedFlume Atterberg,,,LB,SF5A,SE,GTPB,D4318,2012-12-12,,T,INITIAL,,,,GTX12408,,1,389729,PLASIND,Plasticity Index,,11,11.0,%,,,,,Yes,Y,,,,,,,,,11.0,11.0,%,TRG,-74.1245752,40.6944483,N,,,"Water Depth = 6 ft. Light low density layer on surface, sediment changes from tan/gray to darker gray at 9 cm. Color changes again to a reddish brown  around 24 cm."
86,4,NJD980528996,NBSA-SF5A,Newark Bay Diamond Alkali,389806,SF5A,Atterberg Limits Core Bottom Sediment Sample,2012-10-17 13:31:00,17 Oct 2012,13:31,N,0,37,cm,SE,2012 OU3 NBSA SedFlume Atterberg Limits,2012 LBG Newark Bay SedFlume Atterberg,,,LB,SF5A,SE,GTPB,D4318,2012-12-12,,T,INITIAL,,,,GTX12408,,1,389729,PLASLIM,Plastic Limit,,19,19.0,%,,,,,Yes,Y,,,,,,,,,19.0,19.0,%,TRG,-74.1245752,40.6944483,N,,,"Water Depth = 6 ft. Light low density layer on surface, sediment changes from tan/gray to darker gray at 9 cm. Color changes again to a reddish brown  around 24 cm."
87,4,NJD980528996,NBSA-SF5C,Newark Bay Diamond Alkali,389807,SF5C,Atterberg Limits Core Bottom Sediment Sample,2012-10-17 14:40:00,17 Oct 2012,14:40,N,0,34,cm,SE,2012 OU3 NBSA SedFlume Atterberg Limits,2012 LBG Newark Bay SedFlume Atterberg,,,LB,SF5B,SE,GTPB,D4318,2012-12-12,,T,INITIAL,,,,GTX12408,,1,389730,PLASLIM,Plastic Limit,,21,21.0,%,,,,,Yes,Y,,,,,,,,,21.0,21.0,%,TRG,-74.1246091,40.694461,N,,,"SF5B rejected, replaced by SF5C. Sample analyzed as SF5B (LBG corrected sample ID from 5B to 5C). Water Depth=4 ft. Low density fluff layer on core surface. Color change: 0-4 cm light gray, 4-19 cm dark gray, 19-39 cm reddish brown clay material."
88,4,NJD980528996,NBSA-SF5C,Newark Bay Diamond Alkali,389807,SF5C,Atterberg Limits Core Bottom Sediment Sample,2012-10-17 14:40:00,17 Oct 2012,14:40,N,0,34,cm,SE,2012 OU3 NBSA SedFlume Atterberg Limits,2012 LBG Newark Bay SedFlume Atterberg,,,LB,SF5B,SE,GTPB,D4318,2012-12-12,,T,INITIAL,,,,GTX12408,,1,389730,PLASIND,Plasticity Index,,8,8.0,%,,,,,Yes,Y,,,,,,,,,8.0,8.0,%,TRG,-74.1246091,40.694461,N,,,"SF5B rejected, replaced by SF5C. Sample analyzed as SF5B (LBG corrected sample ID from 5B to 5C). Water Depth=4 ft. Low density fluff layer on core surface. Color change: 0-4 cm light gray, 4-19 cm dark gray, 19-39 cm reddish brown clay material."
89,4,NJD980528996,NBSA-SF5C,Newark Bay Diamond Alkali,389807,SF5C,Atterberg Limits Core Bottom Sediment Sample,2012-10-17 14:40:00,17 Oct 2012,14:40,N,0,34,cm,SE,2012 OU3 NBSA SedFlume Atterberg Limits,2012 LBG Newark Bay SedFlume Atterberg,,,LB,SF5B,SE,GTPB,D4318,2012-12-12,,T,INITIAL,,,,GTX12408,,1,389730,LIQLIM,Liquid Limit,,29,29.0,%,,,,,Yes,Y,,,,,,,,,29.0,29.0,%,TRG,-74.1246091,40.694461,N,,,"SF5B rejected, replaced by SF5C. Sample analyzed as SF5B (LBG corrected sample ID from 5B to 5C). Water Depth=4 ft. Low density fluff layer on core surface. Color change: 0-4 cm light gray, 4-19 cm dark gray, 19-39 cm reddish brown clay material."
90,4,NJD980528996,NBSA-SF6,Newark Bay Diamond Alkali,389808,SF6,Atterberg Limits Surface Sediment Grab Sample,2012-10-17 09:00:00,17 Oct 2012,09:00,N,0,25,cm,SE,2012 OU3 NBSA SedFlume Atterberg Limits,2012 LBG Newark Bay SedFlume Atterberg,,,LB,SF6,SE,GTPB,D4318,2012-12-12,,T,INITIAL,,,,GTX12408,,1,389731,LIQLIM,Liquid Limit,,40,40.0,%,,,,,Yes,Y,,,,,,,,,40.0,40.0,%,TRG,-74.1221706,40.6939655,N,,,Atterberg Sample grabbed from surface of core
91,4,NJD980528996,NBSA-SF6,Newark Bay Diamond Alkali,389808,SF6,Atterberg Limits Surface Sediment Grab Sample,2012-10-17 09:00:00,17 Oct 2012,09:00,N,0,25,cm,SE,2012 OU3 NBSA SedFlume Atterberg Limits,2012 LBG Newark Bay SedFlume Atterberg,,,LB,SF6,SE,GTPB,D4318,2012-12-12,,T,INITIAL,,,,GTX12408,,1,389731,PLASIND,Plasticity Index,,21,21.0,%,,,,,Yes,Y,,,,,,,,,21.0,21.0,%,TRG,-74.1221706,40.6939655,N,,,Atterberg Sample grabbed from surface of core
92,4,NJD980528996,NBSA-SF6,Newark Bay Diamond Alkali,389808,SF6,Atterberg Limits Surface Sediment Grab Sample,2012-10-17 09:00:00,17 Oct 2012,09:00,N,0,25,cm,SE,2012 OU3 NBSA SedFlume Atterberg Limits,2012 LBG Newark Bay SedFlume Atterberg,,,LB,SF6,SE,GTPB,D4318,2012-12-12,,T,INITIAL,,,,GTX12408,,1,389731,PLASLIM,Plastic Limit,,19,19.0,%,,,,,Yes,Y,,,,,,,,,19.0,19.0,%,TRG,-74.1221706,40.6939655,N,,,Atterberg Sample grabbed from surface of core
93,4,NJD980528996,NBSA-SF6A,Newark Bay Diamond Alkali,389809,SF6A,Atterberg Limits Core Bottom Sediment Sample,2012-10-17 09:00:00,17 Oct 2012,09:00,N,0,25,cm,SE,2012 OU3 NBSA SedFlume Atterberg Limits,2012 LBG Newark Bay SedFlume Atterberg,,,LB,SF6A,SE,GTPB,D4318,2012-12-12,,T,INITIAL,,,,GTX12408,,1,389732,PLASLIM,Plastic Limit,,22,22.0,%,,,,,Yes,Y,,,,,,,,,22.0,22.0,%,TRG,-74.1221706,40.6939655,N,,,"Water Depth = 44 ft. Coarse sand with some intermixed clay, leaves and seaweed, piece of whoolen material found in sample."
94,4,NJD980528996,NBSA-SF6A,Newark Bay Diamond Alkali,389809,SF6A,Atterberg Limits Core Bottom Sediment Sample,2012-10-17 09:00:00,17 Oct 2012,09:00,N,0,25,cm,SE,2012 OU3 NBSA SedFlume Atterberg Limits,2012 LBG Newark Bay SedFlume Atterberg,,,LB,SF6A,SE,GTPB,D4318,2012-12-12,,T,INITIAL,,,,GTX12408,,1,389732,PLASIND,Plasticity Index,,22,22.0,%,,,,,Yes,Y,,,,,,,,,22.0,22.0,%,TRG,-74.1221706,40.6939655,N,,,"Water Depth = 44 ft. Coarse sand with some intermixed clay, leaves and seaweed, piece of whoolen material found in sample."
95,4,NJD980528996,NBSA-SF6A,Newark Bay Diamond Alkali,389809,SF6A,Atterberg Limits Core Bottom Sediment Sample,2012-10-17 09:00:00,17 Oct 2012,09:00,N,0,25,cm,SE,2012 OU3 NBSA SedFlume Atterberg Limits,2012 LBG Newark Bay SedFlume Atterberg,,,LB,SF6A,SE,GTPB,D4318,2012-12-12,,T,INITIAL,,,,GTX12408,,1,389732,LIQLIM,Liquid Limit,,44,44.0,%,,,,,Yes,Y,,,,,,,,,44.0,44.0,%,TRG,-74.1221706,40.6939655,N,,,"Water Depth = 44 ft. Coarse sand with some intermixed clay, leaves and seaweed, piece of whoolen material found in sample."
96,4,NJD980528996,NBSA-SF6B,Newark Bay Diamond Alkali,389810,SF6B,Atterberg Limits Core Bottom Sediment Sample,2012-10-17 10:20:00,17 Oct 2012,10:20,N,0,17,cm,SE,2012 OU3 NBSA SedFlume Atterberg Limits,2012 LBG Newark Bay SedFlume Atterberg,,,LB,SF6B,SE,GTPB,D4318,2012-12-12,,T,INITIAL,,,,GTX12408,,1,389733,LIQLIM,Liquid Limit,,<,,%,,,,,Yes,<,,,,,,,,,,,%,TRG,-74.1222411,40.6940061,N,,,"SF6B was rejected due to unacceptable recovery. Water Depth = 45 ft. Coarse sandy material, little debris or seaweed. Low recovery (17 cm)."
97,4,NJD980528996,NBSA-SF6B,Newark Bay Diamond Alkali,389810,SF6B,Atterberg Limits Core Bottom Sediment Sample,2012-10-17 10:20:00,17 Oct 2012,10:20,N,0,17,cm,SE,2012 OU3 NBSA SedFlume Atterberg Limits,2012 LBG Newark Bay SedFlume Atterberg,,,LB,SF6B,SE,GTPB,D4318,2012-12-12,,T,INITIAL,,,,GTX12408,,1,389733,PLASIND,Plasticity Index,,<,,%,,,,,Yes,<,,,,,,,,,,,%,TRG,-74.1222411,40.6940061,N,,,"SF6B was rejected due to unacceptable recovery. Water Depth = 45 ft. Coarse sandy material, little debris or seaweed. Low recovery (17 cm)."
98,4,NJD980528996,NBSA-SF6B,Newark Bay Diamond Alkali,389810,SF6B,Atterberg Limits Core Bottom Sediment Sample,2012-10-17 10:20:00,17 Oct 2012,10:20,N,0,17,cm,SE,2012 OU3 NBSA SedFlume Atterberg Limits,2012 LBG Newark Bay SedFlume Atterberg,,,LB,SF6B,SE,GTPB,D4318,2012-12-12,,T,INITIAL,,,,GTX12408,,1,389733,PLASLIM,Plastic Limit,,<,,%,,,,,Yes,<,,,,,,,,,,,%,TRG,-74.1222411,40.6940061,N,,,"SF6B was rejected due to unacceptable recovery. Water Depth = 45 ft. Coarse sandy material, little debris or seaweed. Low recovery (17 cm)."
99,4,NJD980528996,NBSA-SF6C,Newark Bay Diamond Alkali,389811,SF6C,Atterberg Limits Core Bottom Sediment Sample,2012-10-17 10:50:00,17 Oct 2012,10:50,N,0,23,cm,SE,2012 OU3 NBSA SedFlume Atterberg Limits,2012 LBG Newark Bay SedFlume Atterberg,,,LB,SF6C,SE,GTPB,D4318,2012-12-12,,T,INITIAL,,,,GTX12408,,1,389734,PLASLIM,Plastic Limit,,<,,%,,,,,Yes,<,,,,,,,,,,,%,TRG,-74.1222596,40.693979,N,,,"Water Depth = 45 ft. Core contains some debris at surface, overall acceptable core. Color change: 0 cm - 3 cm tan sediment with small shells snd other debris present, changes into a dark gray, sandy material at 3 cm to bottom of core."
100,4,NJD980528996,NBSA-SF6C,Newark Bay Diamond Alkali,389811,SF6C,Atterberg Limits Core Bottom Sediment Sample,2012-10-17 10:50:00,17 Oct 2012,10:50,N,0,23,cm,SE,2012 OU3 NBSA SedFlume Atterberg Limits,2012 LBG Newark Bay SedFlume Atterberg,,,LB,SF6C,SE,GTPB,D4318,2012-12-12,,T,INITIAL,,,,GTX12408,,1,389734,PLASIND,Plasticity Index,,<,,%,,,,,Yes,<,,,,,,,,,,,%,TRG,-74.1222596,40.693979,N,,,"Water Depth = 45 ft. Core contains some debris at surface, overall acceptable core. Color change: 0 cm - 3 cm tan sediment with small shells snd other debris present, changes into a dark gray, sandy material at 3 cm to bottom of core."
101,4,NJD980528996,NBSA-SF6C,Newark Bay Diamond Alkali,389811,SF6C,Atterberg Limits Core Bottom Sediment Sample,2012-10-17 10:50:00,17 Oct 2012,10:50,N,0,23,cm,SE,2012 OU3 NBSA SedFlume Atterberg Limits,2012 LBG Newark Bay SedFlume Atterberg,,,LB,SF6C,SE,GTPB,D4318,2012-12-12,,T,INITIAL,,,,GTX12408,,1,389734,LIQLIM,Liquid Limit,,<,,%,,,,,Yes,<,,,,,,,,,,,%,TRG,-74.1222596,40.693979,N,,,"Water Depth = 45 ft. Core contains some debris at surface, overall acceptable core. Color change: 0 cm - 3 cm tan sediment with small shells snd other debris present, changes into a dark gray, sandy material at 3 cm to bottom of core."
102,4,NJD980528996,NBSA-SF7,Newark Bay Diamond Alkali,389812,SF7,Atterberg Limits Surface Sediment Grab Sample,2012-10-17 15:35:00,17 Oct 2012,15:35,N,0,51,cm,SE,2012 OU3 NBSA SedFlume Atterberg Limits,2012 LBG Newark Bay SedFlume Atterberg,,,LB,SF7,SE,GTPB,D4318,2012-12-12,,T,INITIAL,,,,GTX12408,,1,389735,LIQLIM,Liquid Limit,,42,42.0,%,,,,,Yes,Y,,,,,,,,,42.0,42.0,%,TRG,-74.1202077,40.6861228,N,,,Atterberg Sample grabbed from surface of core
103,4,NJD980528996,NBSA-SF7,Newark Bay Diamond Alkali,389812,SF7,Atterberg Limits Surface Sediment Grab Sample,2012-10-17 15:35:00,17 Oct 2012,15:35,N,0,51,cm,SE,2012 OU3 NBSA SedFlume Atterberg Limits,2012 LBG Newark Bay SedFlume Atterberg,,,LB,SF7,SE,GTPB,D4318,2012-12-12,,T,INITIAL,,,,GTX12408,,1,389735,PLASIND,Plasticity Index,,16,16.0,%,,,,,Yes,Y,,,,,,,,,16.0,16.0,%,TRG,-74.1202077,40.6861228,N,,,Atterberg Sample grabbed from surface of core
104,4,NJD980528996,NBSA-SF7,Newark Bay Diamond Alkali,389812,SF7,Atterberg Limits Surface Sediment Grab Sample,2012-10-17 15:35:00,17 Oct 2012,15:35,N,0,51,cm,SE,2012 OU3 NBSA SedFlume Atterberg Limits,2012 LBG Newark Bay SedFlume Atterberg,,,LB,SF7,SE,GTPB,D4318,2012-12-12,,T,INITIAL,,,,GTX12408,,1,389735,PLASLIM,Plastic Limit,,26,26.0,%,,,,,Yes,Y,,,,,,,,,26.0,26.0,%,TRG,-74.1202077,40.6861228,N,,,Atterberg Sample grabbed from surface of core
105,4,NJD980528996,NBSA-SF7A,Newark Bay Diamond Alkali,389813,SF7A,Atterberg Limits Core Bottom Sediment Sample,2012-10-17 15:35:00,17 Oct 2012,15:35,N,0,51,cm,SE,2012 OU3 NBSA SedFlume Atterberg Limits,2012 LBG Newark Bay SedFlume Atterberg,,,LB,SF7A,SE,GTPB,D4318,2012-12-12,,T,INITIAL,,,,GTX12408,,1,389736,PLASLIM,Plastic Limit,,26,26.0,%,,,,,Yes,Y,,,,,,,,,26.0,26.0,%,TRG,-74.1202077,40.6861228,N,,,"Water Depth = 6 ft. First 7 cm light brown, below 7 cm remainder of core is dark gray."
106,4,NJD980528996,NBSA-SF7A,Newark Bay Diamond Alkali,389813,SF7A,Atterberg Limits Core Bottom Sediment Sample,2012-10-17 15:35:00,17 Oct 2012,15:35,N,0,51,cm,SE,2012 OU3 NBSA SedFlume Atterberg Limits,2012 LBG Newark Bay SedFlume Atterberg,,,LB,SF7A,SE,GTPB,D4318,2012-12-12,,T,INITIAL,,,,GTX12408,,1,389736,PLASIND,Plasticity Index,,23,23.0,%,,,,,Yes,Y,,,,,,,,,23.0,23.0,%,TRG,-74.1202077,40.6861228,N,,,"Water Depth = 6 ft. First 7 cm light brown, below 7 cm remainder of core is dark gray."
107,4,NJD980528996,NBSA-SF7A,Newark Bay Diamond Alkali,389813,SF7A,Atterberg Limits Core Bottom Sediment Sample,2012-10-17 15:35:00,17 Oct 2012,15:35,N,0,51,cm,SE,2012 OU3 NBSA SedFlume Atterberg Limits,2012 LBG Newark Bay SedFlume Atterberg,,,LB,SF7A,SE,GTPB,D4318,2012-12-12,,T,INITIAL,,,,GTX12408,,1,389736,LIQLIM,Liquid Limit,,49,49.0,%,,,,,Yes,Y,,,,,,,,,49.0,49.0,%,TRG,-74.1202077,40.6861228,N,,,"Water Depth = 6 ft. First 7 cm light brown, below 7 cm remainder of core is dark gray."
108,4,NJD980528996,NBSA-SF7C,Newark Bay Diamond Alkali,389814,SF7C,Atterberg Limits Core Bottom Sediment Sample,2012-10-17 15:55:00,17 Oct 2012,15:55,N,0,43,cm,SE,2012 OU3 NBSA SedFlume Atterberg Limits,2012 LBG Newark Bay SedFlume Atterberg,,,LB,SF7B,SE,GTPB,D4318,2012-12-12,,T,INITIAL,,,,GTX12408,,1,389737,LIQLIM,Liquid Limit,,45,45.0,%,,,,,Yes,Y,,,,,,,,,45.0,45.0,%,TRG,-74.1202289,40.6860839,N,,,"SF7B was rejected due to disturbed surface, SF7C replaced rejected SF7B. Atterberg Limits Analyzed as SF7B  (LBG corrected sample ID from 7B to 7C). Water Depth = 6 ft. First 3 cm light brown, from 3 cm to bottom of core sediment is dark gray."
109,4,NJD980528996,NBSA-SF7C,Newark Bay Diamond Alkali,389814,SF7C,Atterberg Limits Core Bottom Sediment Sample,2012-10-17 15:55:00,17 Oct 2012,15:55,N,0,43,cm,SE,2012 OU3 NBSA SedFlume Atterberg Limits,2012 LBG Newark Bay SedFlume Atterberg,,,LB,SF7B,SE,GTPB,D4318,2012-12-12,,T,INITIAL,,,,GTX12408,,1,389737,PLASIND,Plasticity Index,,18,18.0,%,,,,,Yes,Y,,,,,,,,,18.0,18.0,%,TRG,-74.1202289,40.6860839,N,,,"SF7B was rejected due to disturbed surface, SF7C replaced rejected SF7B. Atterberg Limits Analyzed as SF7B  (LBG corrected sample ID from 7B to 7C). Water Depth = 6 ft. First 3 cm light brown, from 3 cm to bottom of core sediment is dark gray."
110,4,NJD980528996,NBSA-SF7C,Newark Bay Diamond Alkali,389814,SF7C,Atterberg Limits Core Bottom Sediment Sample,2012-10-17 15:55:00,17 Oct 2012,15:55,N,0,43,cm,SE,2012 OU3 NBSA SedFlume Atterberg Limits,2012 LBG Newark Bay SedFlume Atterberg,,,LB,SF7B,SE,GTPB,D4318,2012-12-12,,T,INITIAL,,,,GTX12408,,1,389737,PLASLIM,Plastic Limit,,27,27.0,%,,,,,Yes,Y,,,,,,,,,27.0,27.0,%,TRG,-74.1202289,40.6860839,N,,,"SF7B was rejected due to disturbed surface, SF7C replaced rejected SF7B. Atterberg Limits Analyzed as SF7B  (LBG corrected sample ID from 7B to 7C). Water Depth = 6 ft. First 3 cm light brown, from 3 cm to bottom of core sediment is dark gray."
111,4,NJD980528996,NBSA-SF8,Newark Bay Diamond Alkali,389815,SF8,Atterberg Limits Surface Sediment Grab Sample,2012-10-18 11:06:00,18 Oct 2012,11:06,N,0,30,cm,SE,2012 OU3 NBSA SedFlume Atterberg Limits,2012 LBG Newark Bay SedFlume Atterberg,,,LB,SF8,SE,GTPB,D4318,2012-12-12,,T,INITIAL,,,,GTX12408,,1,389738,PLASLIM,Plastic Limit,,28,28.0,%,,,,,Yes,Y,,,,,,,,,28.0,28.0,%,TRG,-74.1310235,40.6790491,N,,,Water Depth = 39 ft. Van Veen Surface Grab Samples - 6 buckets filled. Bucket #1 filled with previous core rejects.
112,4,NJD980528996,NBSA-SF8,Newark Bay Diamond Alkali,389815,SF8,Atterberg Limits Surface Sediment Grab Sample,2012-10-18 11:06:00,18 Oct 2012,11:06,N,0,30,cm,SE,2012 OU3 NBSA SedFlume Atterberg Limits,2012 LBG Newark Bay SedFlume Atterberg,,,LB,SF8,SE,GTPB,D4318,2012-12-12,,T,INITIAL,,,,GTX12408,,1,389738,PLASIND,Plasticity Index,,60,60.0,%,,,,,Yes,Y,,,,,,,,,60.0,60.0,%,TRG,-74.1310235,40.6790491,N,,,Water Depth = 39 ft. Van Veen Surface Grab Samples - 6 buckets filled. Bucket #1 filled with previous core rejects.
113,4,NJD980528996,NBSA-SF8,Newark Bay Diamond Alkali,389815,SF8,Atterberg Limits Surface Sediment Grab Sample,2012-10-18 11:06:00,18 Oct 2012,11:06,N,0,30,cm,SE,2012 OU3 NBSA SedFlume Atterberg Limits,2012 LBG Newark Bay SedFlume Atterberg,,,LB,SF8,SE,GTPB,D4318,2012-12-12,,T,INITIAL,,,,GTX12408,,1,389738,LIQLIM,Liquid Limit,,88,88.0,%,,,,,Yes,Y,,,,,,,,,88.0,88.0,%,TRG,-74.1310235,40.6790491,N,,,Water Depth = 39 ft. Van Veen Surface Grab Samples - 6 buckets filled. Bucket #1 filled with previous core rejects.
114,4,NJD980528996,NBSA-SF8A,Newark Bay Diamond Alkali,389816,SF8A,Atterberg Limits Core Bottom Sediment Sample,2012-10-18 09:09:00,18 Oct 2012,09:09,N,0,29,cm,SE,2012 OU3 NBSA SedFlume Atterberg Limits,2012 LBG Newark Bay SedFlume Atterberg,,,LB,SF8A,SE,GTPB,D4318,2012-12-12,,T,INITIAL,,,,GTX12408,,1,389739,LIQLIM,Liquid Limit,,86,86.0,%,,,,,Yes,Y,,,,,,,,,86.0,86.0,%,TRG,-74.1310235,40.6790491,N,,,Water Depth = 39 ft. 5 total attempts to attain acceptable recovery. Color change at 11 cm from light brown to dark brown.
115,4,NJD980528996,NBSA-SF8A,Newark Bay Diamond Alkali,389816,SF8A,Atterberg Limits Core Bottom Sediment Sample,2012-10-18 09:09:00,18 Oct 2012,09:09,N,0,29,cm,SE,2012 OU3 NBSA SedFlume Atterberg Limits,2012 LBG Newark Bay SedFlume Atterberg,,,LB,SF8A,SE,GTPB,D4318,2012-12-12,,T,INITIAL,,,,GTX12408,,1,389739,PLASIND,Plasticity Index,,54,54.0,%,,,,,Yes,Y,,,,,,,,,54.0,54.0,%,TRG,-74.1310235,40.6790491,N,,,Water Depth = 39 ft. 5 total attempts to attain acceptable recovery. Color change at 11 cm from light brown to dark brown.
116,4,NJD980528996,NBSA-SF8A,Newark Bay Diamond Alkali,389816,SF8A,Atterberg Limits Core Bottom Sediment Sample,2012-10-18 09:09:00,18 Oct 2012,09:09,N,0,29,cm,SE,2012 OU3 NBSA SedFlume Atterberg Limits,2012 LBG Newark Bay SedFlume Atterberg,,,LB,SF8A,SE,GTPB,D4318,2012-12-12,,T,INITIAL,,,,GTX12408,,1,389739,PLASLIM,Plastic Limit,,32,32.0,%,,,,,Yes,Y,,,,,,,,,32.0,32.0,%,TRG,-74.1310235,40.6790491,N,,,Water Depth = 39 ft. 5 total attempts to attain acceptable recovery. Color change at 11 cm from light brown to dark brown.
117,4,NJD980528996,NBSA-SF8B,Newark Bay Diamond Alkali,389817,SF8B,Atterberg Limits Core Bottom Sediment Sample,2012-10-18 10:35:00,18 Oct 2012,10:35,N,0,34,cm,SE,2012 OU3 NBSA SedFlume Atterberg Limits,2012 LBG Newark Bay SedFlume Atterberg,,,LB,SF8B,SE,GTPB,D4318,2012-12-12,,T,INITIAL,,,,GTX12408,,1,389740,PLASLIM,Plastic Limit,,32,32.0,%,,,,,Yes,Y,,,,,,,,,32.0,32.0,%,TRG,-74.1310235,40.6790491,N,,,"Water Depth = 39 ft. Light tan near surface, darker second layer between 7 cm - 9 cm, and even darker 3rd layer between 20 cm - 21 cm."
118,4,NJD980528996,NBSA-SF8B,Newark Bay Diamond Alkali,389817,SF8B,Atterberg Limits Core Bottom Sediment Sample,2012-10-18 10:35:00,18 Oct 2012,10:35,N,0,34,cm,SE,2012 OU3 NBSA SedFlume Atterberg Limits,2012 LBG Newark Bay SedFlume Atterberg,,,LB,SF8B,SE,GTPB,D4318,2012-12-12,,T,INITIAL,,,,GTX12408,,1,389740,PLASIND,Plasticity Index,,62,62.0,%,,,,,Yes,Y,,,,,,,,,62.0,62.0,%,TRG,-74.1310235,40.6790491,N,,,"Water Depth = 39 ft. Light tan near surface, darker second layer between 7 cm - 9 cm, and even darker 3rd layer between 20 cm - 21 cm."
119,4,NJD980528996,NBSA-SF8B,Newark Bay Diamond Alkali,389817,SF8B,Atterberg Limits Core Bottom Sediment Sample,2012-10-18 10:35:00,18 Oct 2012,10:35,N,0,34,cm,SE,2012 OU3 NBSA SedFlume Atterberg Limits,2012 LBG Newark Bay SedFlume Atterberg,,,LB,SF8B,SE,GTPB,D4318,2012-12-12,,T,INITIAL,,,,GTX12408,,1,389740,LIQLIM,Liquid Limit,,94,94.0,%,,,,,Yes,Y,,,,,,,,,94.0,94.0,%,TRG,-74.1310235,40.6790491,N,,,"Water Depth = 39 ft. Light tan near surface, darker second layer between 7 cm - 9 cm, and even darker 3rd layer between 20 cm - 21 cm."
120,4,NJD980528996,NBSA-SF9,Newark Bay Diamond Alkali,389818,SF9,Atterberg Limits Surface Sediment Grab Sample,2012-10-18 15:42:00,18 Oct 2012,15:42,N,0,30,cm,SE,2012 OU3 NBSA SedFlume Atterberg Limits,2012 LBG Newark Bay SedFlume Atterberg,,,LB,SF9,SE,GTPB,D4318,2012-12-12,,T,INITIAL,,,,GTX12408,,1,389741,LIQLIM,Liquid Limit,,85,85.0,%,,,,,Yes,Y,,,,,,,,,85.0,85.0,%,TRG,-74.1278859,40.6776663,N,,,Water Depth = 7.5 ft. Van Veen Surface Grab - 3 buckets filled.
121,4,NJD980528996,NBSA-SF9,Newark Bay Diamond Alkali,389818,SF9,Atterberg Limits Surface Sediment Grab Sample,2012-10-18 15:42:00,18 Oct 2012,15:42,N,0,30,cm,SE,2012 OU3 NBSA SedFlume Atterberg Limits,2012 LBG Newark Bay SedFlume Atterberg,,,LB,SF9,SE,GTPB,D4318,2012-12-12,,T,INITIAL,,,,GTX12408,,1,389741,PLASIND,Plasticity Index,,55,55.0,%,,,,,Yes,Y,,,,,,,,,55.0,55.0,%,TRG,-74.1278859,40.6776663,N,,,Water Depth = 7.5 ft. Van Veen Surface Grab - 3 buckets filled.
122,4,NJD980528996,NBSA-SF9,Newark Bay Diamond Alkali,389818,SF9,Atterberg Limits Surface Sediment Grab Sample,2012-10-18 15:42:00,18 Oct 2012,15:42,N,0,30,cm,SE,2012 OU3 NBSA SedFlume Atterberg Limits,2012 LBG Newark Bay SedFlume Atterberg,,,LB,SF9,SE,GTPB,D4318,2012-12-12,,T,INITIAL,,,,GTX12408,,1,389741,PLASLIM,Plastic Limit,,30,30.0,%,,,,,Yes,Y,,,,,,,,,30.0,30.0,%,TRG,-74.1278859,40.6776663,N,,,Water Depth = 7.5 ft. Van Veen Surface Grab - 3 buckets filled.
123,4,NJD980528996,NBSA-SF9A,Newark Bay Diamond Alkali,389819,SF9A,Atterberg Limits Core Bottom Sediment Sample,2012-10-18 13:30:00,18 Oct 2012,13:30,N,0,45,cm,SE,2012 OU3 NBSA SedFlume Atterberg Limits,2012 LBG Newark Bay SedFlume Atterberg,,,LB,SF9A,SE,GTPB,D4318,2012-12-12,,T,INITIAL,,,,GTX12408,,1,389742,PLASLIM,Plastic Limit,,32,32.0,%,,,,,Yes,Y,,,,,,,,,32.0,32.0,%,TRG,-74.1277543,40.6777463,N,,,Water Depth = 8.4 ft. Oxic layer at 3.5 cm.
124,4,NJD980528996,NBSA-SF9A,Newark Bay Diamond Alkali,389819,SF9A,Atterberg Limits Core Bottom Sediment Sample,2012-10-18 13:30:00,18 Oct 2012,13:30,N,0,45,cm,SE,2012 OU3 NBSA SedFlume Atterberg Limits,2012 LBG Newark Bay SedFlume Atterberg,,,LB,SF9A,SE,GTPB,D4318,2012-12-12,,T,INITIAL,,,,GTX12408,,1,389742,PLASIND,Plasticity Index,,55,55.0,%,,,,,Yes,Y,,,,,,,,,55.0,55.0,%,TRG,-74.1277543,40.6777463,N,,,Water Depth = 8.4 ft. Oxic layer at 3.5 cm.
125,4,NJD980528996,NBSA-SF9A,Newark Bay Diamond Alkali,389819,SF9A,Atterberg Limits Core Bottom Sediment Sample,2012-10-18 13:30:00,18 Oct 2012,13:30,N,0,45,cm,SE,2012 OU3 NBSA SedFlume Atterberg Limits,2012 LBG Newark Bay SedFlume Atterberg,,,LB,SF9A,SE,GTPB,D4318,2012-12-12,,T,INITIAL,,,,GTX12408,,1,389742,LIQLIM,Liquid Limit,,87,87.0,%,,,,,Yes,Y,,,,,,,,,87.0,87.0,%,TRG,-74.1277543,40.6777463,N,,,Water Depth = 8.4 ft. Oxic layer at 3.5 cm.
126,4,NJD980528996,NBSA-SF9B,Newark Bay Diamond Alkali,389820,SF9B,Atterberg Limits Core Bottom Sediment Sample,2012-10-18 13:55:00,18 Oct 2012,13:55,N,0,39,cm,SE,2012 OU3 NBSA SedFlume Atterberg Limits,2012 LBG Newark Bay SedFlume Atterberg,,,LB,SF9B,SE,GTPB,D4318,2012-12-12,,T,INITIAL,,,,GTX12408,,1,389743,LIQLIM,Liquid Limit,,88,88.0,%,,,,,Yes,Y,,,,,,,,,88.0,88.0,%,TRG,-74.1277543,40.6777463,N,,,Water Depth = 8 ft. 4 total attempts to attain accetpable recovery. Brown to gray color change at  2 cm.
127,4,NJD980528996,NBSA-SF9B,Newark Bay Diamond Alkali,389820,SF9B,Atterberg Limits Core Bottom Sediment Sample,2012-10-18 13:55:00,18 Oct 2012,13:55,N,0,39,cm,SE,2012 OU3 NBSA SedFlume Atterberg Limits,2012 LBG Newark Bay SedFlume Atterberg,,,LB,SF9B,SE,GTPB,D4318,2012-12-12,,T,INITIAL,,,,GTX12408,,1,389743,PLASIND,Plasticity Index,,58,58.0,%,,,,,Yes,Y,,,,,,,,,58.0,58.0,%,TRG,-74.1277543,40.6777463,N,,,Water Depth = 8 ft. 4 total attempts to attain accetpable recovery. Brown to gray color change at  2 cm.
128,4,NJD980528996,NBSA-SF9B,Newark Bay Diamond Alkali,389820,SF9B,Atterberg Limits Core Bottom Sediment Sample,2012-10-18 13:55:00,18 Oct 2012,13:55,N,0,39,cm,SE,2012 OU3 NBSA SedFlume Atterberg Limits,2012 LBG Newark Bay SedFlume Atterberg,,,LB,SF9B,SE,GTPB,D4318,2012-12-12,,T,INITIAL,,,,GTX12408,,1,389743,PLASLIM,Plastic Limit,,30,30.0,%,,,,,Yes,Y,,,,,,,,,30.0,30.0,%,TRG,-74.1277543,40.6777463,N,,,Water Depth = 8 ft. 4 total attempts to attain accetpable recovery. Brown to gray color change at  2 cm.
