,facility_code,sys_loc_code,loc_name,loc_group,loc_report_order,sys_sample_code,sample_name,sample_date,sample_type_code,sample_method,start_depth,end_depth,depth_unit,medium_code,matrix_code,species_code,tissue_type,geologic_unit_code,task_code,task_desc,field_sdg,parent_sample_code,analysis_location,lab_sample_id,lab_matrix_code,basis,lab_name_code,analytic_method,analysis_date,column_number,fraction,test_type,prep_method,leachate_method,leachate_date,lab_sdg,percent_moisture,dilution_factor,method_analyte_group,report_order,test_id,cas_rn,chemical_name,organic_yn,report_result_text,report_result_value,report_result_unit,report_result_limit,reportable_result,detect_flag,interpreted_qualifiers,validator_qualifiers,lab_qualifiers,quantitation_limit,method_detection_limit,reporting_detection_limit,detection_limit_unit,approval_code,result_text,result_numeric,result_unit,result_type_code,x_coord,y_coord,stream_mile,stream_code,z_coord_avg,zfrom,zto,longitude,latitude,sample_remark,test_remark,result_remark,validated_yn,validation_level
0,NJD980528996,16A-0601,16A-0601,,,16A-0601-E1-AS,,2016-08-20 18:05:00,N,,5.0,11.0,in,,SPM,,,,2016 CPG R.Mile 10.9 RA SPME Cap Monitor,,,,LB,A9186_14359_PAH_004,SPM,,APER,CARB429 MOD,2016-09-09 00:46:00,1C,N,INITIAL,NONE,,,A9186,,1,,,374449,85-01-8,Phenanthrene,Y,18.3,18.3,ng,0.242,Yes,Y,J+,J+,,4.0,0.242,0.242,ng,,18.3,18.3,ng,TRG,-74.1367987,40.8168269,10.78,PR,-0.66,-0.4125,-0.9075,-74.1367987,40.8168269,,,10/26/2016@Paula DiMattei,Y,Limited
1,NJD980528996,16A-0601,16A-0601,,,16A-0601-E1-AS,,2016-08-20 18:05:00,N,,5.0,11.0,in,,SPM,,,,2016 CPG R.Mile 10.9 RA SPME Cap Monitor,,,,LB,A9186_14359_PCB_004,SPM,,APER,E1668C,2016-09-18 02:25:00,1C,N,INITIAL,NONE,,,A9186,,1,,,374450,35693-99-3,"Tetrachlorobiphenyl; 2,2',5,5'- (PCB 52)",Y,1740.0,1740.0,pg,3.88,Yes,Y,,,,20.0,3.88,3.88,pg,,1740.0,1740.0,pg,TRG,-74.1367987,40.8168269,10.78,PR,-0.66,-0.4125,-0.9075,-74.1367987,40.8168269,,,10/26/2016@Paula DiMattei,Y,Limited
2,NJD980528996,16A-0601,16A-0601,,,16A-0601-E1-AS,,2016-08-20 18:05:00,N,,5.0,11.0,in,,SPM,,,,2016 CPG R.Mile 10.9 RA SPME Cap Monitor,,,,LB,A9186_14359_DF_004,SPM,,APER,SW1613B,2016-09-21 21:01:00,,T,INITIAL,NONE,,,A9186,,1,,,374451,1746-01-6,"2,3,7,8-Tetrachlorodibenzo-p-dioxin",,1.84,1.84,pg,1.84,Yes,N,U,U,U,10.0,1.84,1.84,pg,,,,pg,TRG,-74.1367987,40.8168269,10.78,PR,-0.66,-0.4125,-0.9075,-74.1367987,40.8168269,,,10/26/2016@Paula DiMattei,Y,Limited
3,NJD980528996,16A-0601,16A-0601,,,16A-0601-E2-BS,,2016-08-20 18:09:00,N,,9.25,15.25,in,,SPM,,,,2016 CPG R.Mile 10.9 RA SPME Cap Monitor,,,,LB,A9186_14359_PAH_005,SPM,,APER,CARB429 MOD,2016-09-09 01:34:00,1C,N,INITIAL,NONE,,,A9186,,1,,,374452,85-01-8,Phenanthrene,Y,9.63,9.63,ng,1.18,Yes,Y,J+,J+,,4.0,1.18,1.18,ng,,9.63,9.63,ng,TRG,-74.1367987,40.8168269,10.78,PR,-1.010625,-0.763125,-1.258125,-74.1367987,40.8168269,,,10/26/2016@Paula DiMattei,Y,Limited
4,NJD980528996,16A-0601,16A-0601,,,16A-0601-E2-BS,,2016-08-20 18:09:00,N,,9.25,15.25,in,,SPM,,,,2016 CPG R.Mile 10.9 RA SPME Cap Monitor,,,,LB,A9186_14359_PCB_005-,SPM,,APER,E1668C,2016-09-20 01:22:00,1C,N,REANALYSIS,NONE,,,A9186,,1,,,374453,35693-99-3,"Tetrachlorobiphenyl; 2,2',5,5'- (PCB 52)",Y,294.0,294.0,pg,4.04,Yes,Y,,,,20.0,4.04,4.04,pg,,294.0,294.0,pg,TRG,-74.1367987,40.8168269,10.78,PR,-1.010625,-0.763125,-1.258125,-74.1367987,40.8168269,,,10/26/2016@Paula DiMattei,Y,Limited
5,NJD980528996,16A-0601,16A-0601,,,16A-0601-E2-BS,,2016-08-20 18:09:00,N,,9.25,15.25,in,,SPM,,,,2016 CPG R.Mile 10.9 RA SPME Cap Monitor,,,,LB,A9186_14359_DF_005,SPM,,APER,SW1613B,2016-09-21 21:53:00,,T,INITIAL,NONE,,,A9186,,1,,,374454,1746-01-6,"2,3,7,8-Tetrachlorodibenzo-p-dioxin",,2.46,2.46,pg,2.46,Yes,N,U,U,U,10.0,2.46,2.46,pg,,,,pg,TRG,-74.1367987,40.8168269,10.78,PR,-1.010625,-0.763125,-1.258125,-74.1367987,40.8168269,,,10/26/2016@Paula DiMattei,Y,Limited
6,NJD980528996,16A-0601,16A-0601,,,16A-0601-E3-CS,,2016-08-20 18:12:00,N,,22.25,28.25,in,,SPM,,,,2016 CPG R.Mile 10.9 RA SPME Cap Monitor,,,,LB,A9186_14359_PAH_006,SPM,,APER,CARB429 MOD,2016-09-09 02:21:00,1C,N,INITIAL,NONE,,,A9186,,1,,,374455,85-01-8,Phenanthrene,Y,5.41,5.41,ng,0.131,Yes,Y,J+,J+,B,4.0,0.131,0.131,ng,,5.41,5.41,ng,TRG,-74.1367987,40.8168269,10.78,PR,-2.083125,-1.835625,-2.330625,-74.1367987,40.8168269,,,10/26/2016@Paula DiMattei,Y,Limited
7,NJD980528996,16A-0601,16A-0601,,,16A-0601-E3-CS,,2016-08-20 18:12:00,N,,22.25,28.25,in,,SPM,,,,2016 CPG R.Mile 10.9 RA SPME Cap Monitor,,,,LB,A9186_14359_PCB_006-,SPM,,APER,E1668C,2016-09-20 02:18:00,1C,N,REANALYSIS,NONE,,,A9186,,1,,,374456,35693-99-3,"Tetrachlorobiphenyl; 2,2',5,5'- (PCB 52)",Y,2550.0,2550.0,pg,8.55,Yes,Y,,,,20.0,8.55,8.55,pg,,2550.0,2550.0,pg,TRG,-74.1367987,40.8168269,10.78,PR,-2.083125,-1.835625,-2.330625,-74.1367987,40.8168269,,,10/26/2016@Paula DiMattei,Y,Limited
8,NJD980528996,16A-0601,16A-0601,,,16A-0601-E3-CS,,2016-08-20 18:12:00,N,,22.25,28.25,in,,SPM,,,,2016 CPG R.Mile 10.9 RA SPME Cap Monitor,,,,LB,A9186_14359_DF_006,SPM,,APER,SW1613B,2016-09-21 22:46:00,,T,INITIAL,NONE,,,A9186,,1,,,374457,1746-01-6,"2,3,7,8-Tetrachlorodibenzo-p-dioxin",,2.09,2.09,pg,2.09,Yes,N,U,U,U,10.0,2.09,2.09,pg,,,,pg,TRG,-74.1367987,40.8168269,10.78,PR,-2.083125,-1.835625,-2.330625,-74.1367987,40.8168269,,,10/26/2016@Paula DiMattei,Y,Limited
9,NJD980528996,16A-0601,16A-0601,,,16A-0601-S1-AS,,2016-08-20 18:01:00,N,,0.0,7.75,in,,SE,,,,2016 CPG R.Mile 10.9 RA SPME Cap Monitor,,,,LB,A9189_14357_PAH_006-,SE,,APER,CARB429 MOD,2016-09-13 18:41:00,1C,N,DILUTION1,NONE,,,A9189,77.2,20,,,374458,85-01-8,Phenanthrene,Y,2270.0,2270.0,ng/g,6.71,Yes,Y,J,J,E,1.16,6.71,6.71,ng/g,,2270.0,2270.0,ng/g,TRG,-74.1367987,40.8168269,10.78,PR,-0.3196875,0.0,-0.639375,-74.1367987,40.8168269,A9189,,10/26/2016@Paula DiMattei,Y,Limited
10,NJD980528996,16A-0601,16A-0601,,,16A-0601-S1-AS,,2016-08-20 18:01:00,N,,0.0,7.75,in,,SE,,,,2016 CPG R.Mile 10.9 RA SPME Cap Monitor,,,,LB,A9189_14357_PCB_006-,SE,,APER,E1668C,2016-09-27 19:45:00,1C,N,REANALYSIS,NONE,,,A9189,77.2,1,,,374459,35693-99-3,"Tetrachlorobiphenyl; 2,2',5,5'- (PCB 52)",Y,27100.0,27100.0,pg/g,13.8,Yes,Y,J,J,E,5.78,13.8,13.8,pg/g,,27100.0,27100.0,pg/g,TRG,-74.1367987,40.8168269,10.78,PR,-0.3196875,0.0,-0.639375,-74.1367987,40.8168269,A9189,,10/26/2016@Paula DiMattei,Y,Limited
11,NJD980528996,16A-0601,16A-0601,,,16A-0601-S1-AS,,2016-08-20 18:01:00,N,,0.0,7.75,in,,SE,,,,2016 CPG R.Mile 10.9 RA SPME Cap Monitor,,,,LB,L1627445-06,SE,DRY,AWHL,LLOYD KAHN METHOD,2016-09-02 12:39:00,,T,INITIAL,,,,L1627445,0.0,1,,,374460,TOC,Total Organic Carbon,,6.96,6.96,%,0.05,Yes,Y,,,,0.05,0.05,0.05,%,,6.96,6.96,%,TRG,-74.1367987,40.8168269,10.78,PR,-0.3196875,0.0,-0.639375,-74.1367987,40.8168269,A9189,A9189,10/26/2016@Paula DiMattei,Y,Limited
12,NJD980528996,16A-0601,16A-0601,,,16A-0601-S1-AS,,2016-08-20 18:01:00,N,,0.0,7.75,in,,SE,,,,2016 CPG R.Mile 10.9 RA SPME Cap Monitor,,,,LB,A9189_14357_DF_006-R,SE,,APER,SW1613B,2016-09-20 04:05:00,,T,REANALYSIS,NONE,,,A9189,77.2,1,,,374462,1746-01-6,"2,3,7,8-Tetrachlorodibenzo-p-dioxin",,196.0,196.0,pg/g,0.684,Yes,Y,J,J,,2.89,0.684,0.684,pg/g,,196.0,196.0,pg/g,TRG,-74.1367987,40.8168269,10.78,PR,-0.3196875,0.0,-0.639375,-74.1367987,40.8168269,A9189,,10/26/2016@Paula DiMattei,Y,Limited
13,NJD980528996,16A-0602,16A-0602,,,16A-0602-E1-AS,,2016-08-20 17:47:00,N,,18.0,24.0,in,,SPM,,,,2016 CPG R.Mile 10.9 RA SPME Cap Monitor,,,,LB,A9186_14359_PAH_007,SPM,,APER,CARB429 MOD,2016-09-09 03:09:00,1C,N,INITIAL,NONE,,,A9186,,1,,,374463,85-01-8,Phenanthrene,Y,6.98,6.98,ng,0.113,Yes,Y,J+,J+,B,4.0,0.113,0.113,ng,,6.98,6.98,ng,TRG,-74.1366722,40.8170557,10.8,PR,-1.7325,-1.485,-1.98,-74.1366722,40.8170557,,,10/26/2016@Paula DiMattei,Y,Limited
14,NJD980528996,16A-0602,16A-0602,,,16A-0602-E1-AS,,2016-08-20 17:47:00,N,,18.0,24.0,in,,SPM,,,,2016 CPG R.Mile 10.9 RA SPME Cap Monitor,,,,LB,A9186_14359_PCB_007,SPM,,APER,E1668C,2016-09-18 05:14:00,1C,N,INITIAL,NONE,,,A9186,,1,,,374464,35693-99-3,"Tetrachlorobiphenyl; 2,2',5,5'- (PCB 52)",Y,388.0,388.0,pg,3.94,Yes,Y,,,,20.0,3.94,3.94,pg,,388.0,388.0,pg,TRG,-74.1366722,40.8170557,10.8,PR,-1.7325,-1.485,-1.98,-74.1366722,40.8170557,,,10/26/2016@Paula DiMattei,Y,Limited
15,NJD980528996,16A-0602,16A-0602,,,16A-0602-E1-AS,,2016-08-20 17:47:00,N,,18.0,24.0,in,,SPM,,,,2016 CPG R.Mile 10.9 RA SPME Cap Monitor,,,,LB,A9186_14359_DF_007,SPM,,APER,SW1613B,2016-09-21 23:38:00,,T,INITIAL,NONE,,,A9186,,1,,,374465,1746-01-6,"2,3,7,8-Tetrachlorodibenzo-p-dioxin",,3.58,3.58,pg,3.58,Yes,N,U,U,U,10.0,3.58,3.58,pg,,,,pg,TRG,-74.1366722,40.8170557,10.8,PR,-1.7325,-1.485,-1.98,-74.1366722,40.8170557,,,10/26/2016@Paula DiMattei,Y,Limited
16,NJD980528996,16A-0602,16A-0602,,,16A-0602-E2-BS,,2016-08-20 17:50:00,N,,25.0,31.0,in,,SPM,,,,2016 CPG R.Mile 10.9 RA SPME Cap Monitor,,,,LB,A9186_14359_PAH_008,SPM,,APER,CARB429 MOD,2016-09-09 03:56:00,1C,N,INITIAL,NONE,,,A9186,,1,,,374466,85-01-8,Phenanthrene,Y,4.86,4.86,ng,0.139,Yes,Y,J+,J+,B,4.0,0.139,0.139,ng,,4.86,4.86,ng,TRG,-74.1366722,40.8170557,10.8,PR,-2.31,-2.0625,-2.5575,-74.1366722,40.8170557,,,10/26/2016@Paula DiMattei,Y,Limited
17,NJD980528996,16A-0602,16A-0602,,,16A-0602-E2-BS,,2016-08-20 17:50:00,N,,25.0,31.0,in,,SPM,,,,2016 CPG R.Mile 10.9 RA SPME Cap Monitor,,,,LB,A9186_14359_PCB_008,SPM,,APER,E1668C,2016-09-18 06:10:00,1C,N,INITIAL,NONE,,,A9186,,1,,,374467,35693-99-3,"Tetrachlorobiphenyl; 2,2',5,5'- (PCB 52)",Y,245.0,245.0,pg,4.35,Yes,Y,,,,20.0,4.35,4.35,pg,,245.0,245.0,pg,TRG,-74.1366722,40.8170557,10.8,PR,-2.31,-2.0625,-2.5575,-74.1366722,40.8170557,,,10/26/2016@Paula DiMattei,Y,Limited
18,NJD980528996,16A-0602,16A-0602,,,16A-0602-E2-BS,,2016-08-20 17:50:00,N,,25.0,31.0,in,,SPM,,,,2016 CPG R.Mile 10.9 RA SPME Cap Monitor,,,,LB,A9186_14359_DF_008,SPM,,APER,SW1613B,2016-09-22 02:24:00,,T,INITIAL,NONE,,,A9186,,1,,,374468,1746-01-6,"2,3,7,8-Tetrachlorodibenzo-p-dioxin",,2.3,2.3,pg,2.3,Yes,N,U,U,U,10.0,2.3,2.3,pg,,,,pg,TRG,-74.1366722,40.8170557,10.8,PR,-2.31,-2.0625,-2.5575,-74.1366722,40.8170557,,,10/26/2016@Paula DiMattei,Y,Limited
19,NJD980528996,16A-0602,16A-0602,,,16A-0602-E3-CS,,2016-08-20 17:53:00,N,,36.0,42.0,in,,SPM,,,,2016 CPG R.Mile 10.9 RA SPME Cap Monitor,,,,LB,A9186_14359_PAH_009,SPM,,APER,CARB429 MOD,2016-09-09 04:44:00,1C,N,INITIAL,NONE,,,A9186,,1,,,374469,85-01-8,Phenanthrene,Y,59.9,59.9,ng,0.117,Yes,Y,,,,4.0,0.117,0.117,ng,,59.9,59.9,ng,TRG,-74.1366722,40.8170557,10.8,PR,-3.2175,-2.97,-3.465,-74.1366722,40.8170557,,,10/26/2016@Paula DiMattei,Y,Limited
20,NJD980528996,16A-0602,16A-0602,,,16A-0602-E3-CS,,2016-08-20 17:53:00,N,,36.0,42.0,in,,SPM,,,,2016 CPG R.Mile 10.9 RA SPME Cap Monitor,,,,LB,A9186_14359_PCB_009-,SPM,,APER,E1668C,2016-09-20 03:15:00,1C,N,REANALYSIS,NONE,,,A9186,,1,,,374470,35693-99-3,"Tetrachlorobiphenyl; 2,2',5,5'- (PCB 52)",Y,29900.0,29900.0,pg,4.43,Yes,Y,,,,20.0,4.43,4.43,pg,,29900.0,29900.0,pg,TRG,-74.1366722,40.8170557,10.8,PR,-3.2175,-2.97,-3.465,-74.1366722,40.8170557,,,10/26/2016@Paula DiMattei,Y,Limited
21,NJD980528996,16A-0602,16A-0602,,,16A-0602-E3-CS,,2016-08-20 17:53:00,N,,36.0,42.0,in,,SPM,,,,2016 CPG R.Mile 10.9 RA SPME Cap Monitor,,,,LB,A9186_14359_DF_009,SPM,,APER,SW1613B,2016-09-22 03:15:00,,T,INITIAL,NONE,,,A9186,,1,,,374471,1746-01-6,"2,3,7,8-Tetrachlorodibenzo-p-dioxin",,12.5,12.5,pg,1.89,Yes,Y,,,,10.0,1.89,1.89,pg,,12.5,12.5,pg,TRG,-74.1366722,40.8170557,10.8,PR,-3.2175,-2.97,-3.465,-74.1366722,40.8170557,,,10/26/2016@Paula DiMattei,Y,Limited
22,NJD980528996,16A-0602,16A-0602,,,16A-0602-S1-AS,,2016-08-20 17:44:00,N,,0.0,7.75,in,,SE,,,,2016 CPG R.Mile 10.9 RA SPME Cap Monitor,,,,LB,A9189_14357_PAH_007-,SE,,APER,CARB429 MOD,2016-09-13 19:29:00,1C,N,DILUTION1,NONE,,,A9189,75.2,20,,,374472,85-01-8,Phenanthrene,Y,2010.0,2010.0,ng/g,4.09,Yes,Y,J,J,E,1.05,4.09,4.09,ng/g,,2010.0,2010.0,ng/g,TRG,-74.1366722,40.8170557,10.8,PR,-0.3196875,0.0,-0.639375,-74.1366722,40.8170557,A9189,,10/26/2016@Paula DiMattei,Y,Limited
23,NJD980528996,16A-0602,16A-0602,,,16A-0602-S1-AS,,2016-08-20 17:44:00,N,,0.0,7.75,in,,SE,,,,2016 CPG R.Mile 10.9 RA SPME Cap Monitor,,,,LB,A9189_14357_PCB_007-,SE,,APER,E1668C,2016-09-27 20:42:00,1C,N,REANALYSIS,NONE,,,A9189,75.2,1,,,374473,35693-99-3,"Tetrachlorobiphenyl; 2,2',5,5'- (PCB 52)",Y,25400.0,25400.0,pg/g,17.8,Yes,Y,J,J,E,5.27,17.8,17.8,pg/g,,25400.0,25400.0,pg/g,TRG,-74.1366722,40.8170557,10.8,PR,-0.3196875,0.0,-0.639375,-74.1366722,40.8170557,A9189,,10/26/2016@Paula DiMattei,Y,Limited
24,NJD980528996,16A-0602,16A-0602,,,16A-0602-S1-AS,,2016-08-20 17:44:00,N,,0.0,7.75,in,,SE,,,,2016 CPG R.Mile 10.9 RA SPME Cap Monitor,,,,LB,L1627445-07,SE,DRY,AWHL,LLOYD KAHN METHOD,2016-09-02 12:48:00,,T,INITIAL,,,,L1627445,0.0,1,,,374474,TOC,Total Organic Carbon,,7.3,7.3,%,0.05,Yes,Y,,,,0.05,0.05,0.05,%,,7.3,7.3,%,TRG,-74.1366722,40.8170557,10.8,PR,-0.3196875,0.0,-0.639375,-74.1366722,40.8170557,A9189,A9189,10/26/2016@Paula DiMattei,Y,Limited
25,NJD980528996,16A-0602,16A-0602,,,16A-0602-S1-AS,,2016-08-20 17:44:00,N,,0.0,7.75,in,,SE,,,,2016 CPG R.Mile 10.9 RA SPME Cap Monitor,,,,LB,A9189_14357_DF_007-R,SE,,APER,SW1613B,2016-09-20 04:57:00,,T,REANALYSIS,NONE,,,A9189,75.2,1,,,374476,1746-01-6,"2,3,7,8-Tetrachlorodibenzo-p-dioxin",,218.0,218.0,pg/g,0.458,Yes,Y,J,J,,2.64,0.458,0.458,pg/g,,218.0,218.0,pg/g,TRG,-74.1366722,40.8170557,10.8,PR,-0.3196875,0.0,-0.639375,-74.1366722,40.8170557,A9189,,10/26/2016@Paula DiMattei,Y,Limited
26,NJD980528996,16A-0603,16A-0603,,,16A-0603-E1-AS,,2016-08-20 16:30:00,N,,13.5,19.5,in,,SPM,,,,2016 CPG R.Mile 10.9 RA SPME Cap Monitor,,,,LB,A9186_14359_PAH_010,SPM,,APER,CARB429 MOD,2016-09-09 05:31:00,1C,N,INITIAL,NONE,,,A9186,,1,,,374477,85-01-8,Phenanthrene,Y,13.1,13.1,ng,0.106,Yes,Y,J+,J+,,4.0,0.106,0.106,ng,,13.1,13.1,ng,TRG,-74.1362621,40.8174904,10.84,PR,-1.36125,-1.11375,-1.60875,-74.1362621,40.8174904,,,10/26/2016@Paula DiMattei,Y,Limited
27,NJD980528996,16A-0603,16A-0603,,,16A-0603-E1-AS,,2016-08-20 16:30:00,N,,13.5,19.5,in,,SPM,,,,2016 CPG R.Mile 10.9 RA SPME Cap Monitor,,,,LB,A9186_14359_PCB_010-,SPM,,APER,E1668C,2016-09-20 04:11:00,1C,N,REANALYSIS,NONE,,,A9186,,1,,,374478,35693-99-3,"Tetrachlorobiphenyl; 2,2',5,5'- (PCB 52)",Y,691.0,691.0,pg,3.75,Yes,Y,,,,20.0,3.75,3.75,pg,,691.0,691.0,pg,TRG,-74.1362621,40.8174904,10.84,PR,-1.36125,-1.11375,-1.60875,-74.1362621,40.8174904,,,10/26/2016@Paula DiMattei,Y,Limited
28,NJD980528996,16A-0603,16A-0603,,,16A-0603-E1-AS,,2016-08-20 16:30:00,N,,13.5,19.5,in,,SPM,,,,2016 CPG R.Mile 10.9 RA SPME Cap Monitor,,,,LB,A9186_14359_DF_010,SPM,,APER,SW1613B,2016-09-22 04:07:00,,T,INITIAL,NONE,,,A9186,,1,,,374479,1746-01-6,"2,3,7,8-Tetrachlorodibenzo-p-dioxin",,2.23,2.23,pg,2.23,Yes,N,U,U,U,10.0,2.23,2.23,pg,,,,pg,TRG,-74.1362621,40.8174904,10.84,PR,-1.36125,-1.11375,-1.60875,-74.1362621,40.8174904,,,10/26/2016@Paula DiMattei,Y,Limited
29,NJD980528996,16A-0603,16A-0603,,,16A-0603-E1-AT,,2016-08-20 16:41:00,FD,,12.75,18.75,in,,SPM,,,,2016 CPG R.Mile 10.9 RA SPME Cap Monitor,,,16A-0603-S1-AS,LB,A9188_14360_PAH_013,SPM,,APER,CARB429 MOD,2016-09-10 04:33:00,1C,N,INITIAL,NONE,,,A9188,,1,,,374480,85-01-8,Phenanthrene,Y,11.7,11.7,ng,0.0784,Yes,Y,J+,J+,B,4.0,0.0784,0.0784,ng,,11.7,11.7,ng,TRG,-74.1362621,40.8174904,10.84,PR,-1.299375,-1.051875,-1.546875,-74.1362621,40.8174904,,,10/26/2016@Paula DiMattei,Y,Limited
30,NJD980528996,16A-0603,16A-0603,,,16A-0603-E1-AT,,2016-08-20 16:41:00,FD,,12.75,18.75,in,,SPM,,,,2016 CPG R.Mile 10.9 RA SPME Cap Monitor,,,16A-0603-S1-AS,LB,A9188_14360_PCB_013,SPM,,APER,E1668C,2016-09-19 16:43:00,1C,N,INITIAL,NONE,,,A9188,,1,,,374481,35693-99-3,"Tetrachlorobiphenyl; 2,2',5,5'- (PCB 52)",Y,872.0,872.0,pg,3.99,Yes,Y,,,,20.0,3.99,3.99,pg,,872.0,872.0,pg,TRG,-74.1362621,40.8174904,10.84,PR,-1.299375,-1.051875,-1.546875,-74.1362621,40.8174904,,,10/26/2016@Paula DiMattei,Y,Limited
31,NJD980528996,16A-0603,16A-0603,,,16A-0603-E1-AT,,2016-08-20 16:41:00,FD,,12.75,18.75,in,,SPM,,,,2016 CPG R.Mile 10.9 RA SPME Cap Monitor,,,16A-0603-S1-AS,LB,A9188_14360_DF_013,SPM,,APER,SW1613B,2016-09-22 13:36:00,,T,INITIAL,NONE,,,A9188,,1,,,374482,1746-01-6,"2,3,7,8-Tetrachlorodibenzo-p-dioxin",,4.03,4.03,pg,4.03,Yes,N,U,U,U,10.0,4.03,4.03,pg,,,,pg,TRG,-74.1362621,40.8174904,10.84,PR,-1.299375,-1.051875,-1.546875,-74.1362621,40.8174904,,,10/26/2016@Paula DiMattei,Y,Limited
32,NJD980528996,16A-0603,16A-0603,,,16A-0603-E2-BS,,2016-08-20 16:33:00,N,,20.25,26.25,in,,SPM,,,,2016 CPG R.Mile 10.9 RA SPME Cap Monitor,,,,LB,A9186_14359_PAH_011,SPM,,APER,CARB429 MOD,2016-09-09 07:58:00,1C,N,INITIAL,NONE,,,A9186,,1,,,374483,85-01-8,Phenanthrene,Y,5.15,5.15,ng,0.0958,Yes,Y,J+,J+,B,4.0,0.0958,0.0958,ng,,5.15,5.15,ng,TRG,-74.1362621,40.8174904,10.84,PR,-1.918125,-1.670625,-2.165625,-74.1362621,40.8174904,,,10/26/2016@Paula DiMattei,Y,Limited
33,NJD980528996,16A-0603,16A-0603,,,16A-0603-E2-BS,,2016-08-20 16:33:00,N,,20.25,26.25,in,,SPM,,,,2016 CPG R.Mile 10.9 RA SPME Cap Monitor,,,,LB,A9186_14359_PCB_011,SPM,,APER,E1668C,2016-09-18 12:00:00,1C,N,INITIAL,NONE,,,A9186,,1,,,374484,35693-99-3,"Tetrachlorobiphenyl; 2,2',5,5'- (PCB 52)",Y,130.0,130.0,pg,5.03,Yes,Y,J,J,B,20.0,5.03,5.03,pg,,130.0,130.0,pg,TRG,-74.1362621,40.8174904,10.84,PR,-1.918125,-1.670625,-2.165625,-74.1362621,40.8174904,,,10/26/2016@Paula DiMattei,Y,Limited
34,NJD980528996,16A-0603,16A-0603,,,16A-0603-E2-BS,,2016-08-20 16:33:00,N,,20.25,26.25,in,,SPM,,,,2016 CPG R.Mile 10.9 RA SPME Cap Monitor,,,,LB,A9186_14359_DF_011,SPM,,APER,SW1613B,2016-09-22 05:00:00,,T,INITIAL,NONE,,,A9186,,1,,,374485,1746-01-6,"2,3,7,8-Tetrachlorodibenzo-p-dioxin",,2.23,2.23,pg,2.23,Yes,N,U,U,U,10.0,2.23,2.23,pg,,,,pg,TRG,-74.1362621,40.8174904,10.84,PR,-1.918125,-1.670625,-2.165625,-74.1362621,40.8174904,,,10/26/2016@Paula DiMattei,Y,Limited
35,NJD980528996,16A-0603,16A-0603,,,16A-0603-E2-BT,,2016-08-20 16:48:00,FD,,19.5,25.5,in,,SPM,,,,2016 CPG R.Mile 10.9 RA SPME Cap Monitor,,,16A-0603-E2-BS,LB,A9188_14360_PAH_014,SPM,,APER,CARB429 MOD,2016-09-10 05:21:00,1C,N,INITIAL,NONE,,,A9188,,1,,,374486,85-01-8,Phenanthrene,Y,4.0,4.0,ng,4.0,Yes,N,U,U,J B,4.0,0.098,4.0,ng,,,,ng,TRG,-74.1362621,40.8174904,10.84,PR,-1.85625,-1.60875,-2.10375,-74.1362621,40.8174904,,,10/26/2016@Paula DiMattei,Y,Limited
36,NJD980528996,16A-0603,16A-0603,,,16A-0603-E2-BT,,2016-08-20 16:48:00,FD,,19.5,25.5,in,,SPM,,,,2016 CPG R.Mile 10.9 RA SPME Cap Monitor,,,16A-0603-E2-BS,LB,A9188_14360_PCB_014,SPM,,APER,E1668C,2016-09-19 17:39:00,1C,N,INITIAL,NONE,,,A9188,,1,,,374487,35693-99-3,"Tetrachlorobiphenyl; 2,2',5,5'- (PCB 52)",Y,77.4,77.4,pg,4.32,Yes,Y,J,J,B,20.0,4.32,4.32,pg,,77.4,77.4,pg,TRG,-74.1362621,40.8174904,10.84,PR,-1.85625,-1.60875,-2.10375,-74.1362621,40.8174904,,,10/26/2016@Paula DiMattei,Y,Limited
37,NJD980528996,16A-0603,16A-0603,,,16A-0603-E2-BT,,2016-08-20 16:48:00,FD,,19.5,25.5,in,,SPM,,,,2016 CPG R.Mile 10.9 RA SPME Cap Monitor,,,16A-0603-E2-BS,LB,A9188_14360_DF_014,SPM,,APER,SW1613B,2016-09-22 14:25:00,,T,INITIAL,NONE,,,A9188,,1,,,374488,1746-01-6,"2,3,7,8-Tetrachlorodibenzo-p-dioxin",,4.58,4.58,pg,4.58,Yes,N,U,U,U,10.0,4.58,4.58,pg,,,,pg,TRG,-74.1362621,40.8174904,10.84,PR,-1.85625,-1.60875,-2.10375,-74.1362621,40.8174904,,,10/26/2016@Paula DiMattei,Y,Limited
38,NJD980528996,16A-0603,16A-0603,,,16A-0603-E3-CS,,2016-08-20 16:38:00,N,,33.25,39.25,in,,SPM,,,,2016 CPG R.Mile 10.9 RA SPME Cap Monitor,,,,LB,A9186_14359_PAH_012,SPM,,APER,CARB429 MOD,2016-09-09 08:43:00,1C,N,INITIAL,NONE,,,A9186,,1,,,374489,85-01-8,Phenanthrene,Y,84.5,84.5,ng,0.103,Yes,Y,J,J,,4.0,0.103,0.103,ng,,84.5,84.5,ng,TRG,-74.1362621,40.8174904,10.84,PR,-2.990625,-2.743125,-3.238125,-74.1362621,40.8174904,,,10/26/2016@Paula DiMattei,Y,Limited
39,NJD980528996,16A-0603,16A-0603,,,16A-0603-E3-CS,,2016-08-20 16:38:00,N,,33.25,39.25,in,,SPM,,,,2016 CPG R.Mile 10.9 RA SPME Cap Monitor,,,,LB,A9186_14359_PCB_012,SPM,,APER,E1668C,2016-09-18 12:56:00,1C,N,INITIAL,NONE,,,A9186,,1,,,374490,35693-99-3,"Tetrachlorobiphenyl; 2,2',5,5'- (PCB 52)",Y,14900.0,14900.0,pg,4.69,Yes,Y,,,,20.0,4.69,4.69,pg,,14900.0,14900.0,pg,TRG,-74.1362621,40.8174904,10.84,PR,-2.990625,-2.743125,-3.238125,-74.1362621,40.8174904,,,10/26/2016@Paula DiMattei,Y,Limited
40,NJD980528996,16A-0603,16A-0603,,,16A-0603-E3-CS,,2016-08-20 16:38:00,N,,33.25,39.25,in,,SPM,,,,2016 CPG R.Mile 10.9 RA SPME Cap Monitor,,,,LB,A9186_14359_DF_012,SPM,,APER,SW1613B,2016-09-22 05:52:00,,T,INITIAL,NONE,,,A9186,,1,,,374491,1746-01-6,"2,3,7,8-Tetrachlorodibenzo-p-dioxin",,2.37,2.37,pg,2.37,Yes,N,U,U,U,10.0,2.37,2.37,pg,,,,pg,TRG,-74.1362621,40.8174904,10.84,PR,-2.990625,-2.743125,-3.238125,-74.1362621,40.8174904,,,10/26/2016@Paula DiMattei,Y,Limited
41,NJD980528996,16A-0603,16A-0603,,,16A-0603-E3-CT,,2016-08-20 16:50:00,FD,,31.75,37.75,in,,SPM,,,,2016 CPG R.Mile 10.9 RA SPME Cap Monitor,,,16A-0603-E3-CS,LB,A9188_14360_PAH_015,SPM,,APER,CARB429 MOD,2016-09-10 06:08:00,1C,N,INITIAL,NONE,,,A9188,,1,,,374492,85-01-8,Phenanthrene,Y,26.8,26.8,ng,0.572,Yes,Y,J,J,B,4.0,0.572,0.572,ng,,26.8,26.8,ng,TRG,-74.1362621,40.8174904,10.84,PR,-2.866875,-2.619375,-3.114375,-74.1362621,40.8174904,,,10/26/2016@Paula DiMattei,Y,Limited
42,NJD980528996,16A-0603,16A-0603,,,16A-0603-E3-CT,,2016-08-20 16:50:00,FD,,31.75,37.75,in,,SPM,,,,2016 CPG R.Mile 10.9 RA SPME Cap Monitor,,,16A-0603-E3-CS,LB,A9188_14360_PCB_015,SPM,,APER,E1668C,2016-09-19 18:36:00,1C,N,INITIAL,NONE,,,A9188,,1,,,374493,35693-99-3,"Tetrachlorobiphenyl; 2,2',5,5'- (PCB 52)",Y,14900.0,14900.0,pg,4.12,Yes,Y,,,,20.0,4.12,4.12,pg,,14900.0,14900.0,pg,TRG,-74.1362621,40.8174904,10.84,PR,-2.866875,-2.619375,-3.114375,-74.1362621,40.8174904,,,10/26/2016@Paula DiMattei,Y,Limited
43,NJD980528996,16A-0603,16A-0603,,,16A-0603-E3-CT,,2016-08-20 16:50:00,FD,,31.75,37.75,in,,SPM,,,,2016 CPG R.Mile 10.9 RA SPME Cap Monitor,,,16A-0603-E3-CS,LB,A9188_14360_DF_015,SPM,,APER,SW1613B,2016-09-22 15:14:00,,T,INITIAL,NONE,,,A9188,,1,,,374494,1746-01-6,"2,3,7,8-Tetrachlorodibenzo-p-dioxin",,10.0,10.0,pg,4.25,Yes,Y,J,J,J,10.0,4.25,4.25,pg,,10.0,10.0,pg,TRG,-74.1362621,40.8174904,10.84,PR,-2.866875,-2.619375,-3.114375,-74.1362621,40.8174904,,,10/26/2016@Paula DiMattei,Y,Limited
44,NJD980528996,16A-0603,16A-0603,,,16A-0603-S1-AS,,2016-08-20 14:26:00,N,,0.0,13.5,in,,SE,,,,2016 CPG R.Mile 10.9 RA SPME Cap Monitor,,,,LB,A9189_14357_PAH_008-,SE,,APER,CARB429 MOD,2016-09-13 20:16:00,1C,N,DILUTION1,NONE,,,A9189,78.9,20,,,374495,85-01-8,Phenanthrene,Y,2180.0,2180.0,ng/g,0.784,Yes,Y,J,J,E,1.25,0.784,0.784,ng/g,,2180.0,2180.0,ng/g,TRG,-74.1362621,40.8174904,10.84,PR,-0.5568751,0.0,-1.11375,-74.1362621,40.8174904,A9189,,10/26/2016@Paula DiMattei,Y,Limited
45,NJD980528996,16A-0603,16A-0603,,,16A-0603-S1-AS,,2016-08-20 14:26:00,N,,0.0,13.5,in,,SE,,,,2016 CPG R.Mile 10.9 RA SPME Cap Monitor,,,,LB,A9189_14357_PCB_008-,SE,,APER,E1668C,2016-09-27 21:38:00,1C,N,REANALYSIS,NONE,,,A9189,78.9,1,,,374496,35693-99-3,"Tetrachlorobiphenyl; 2,2',5,5'- (PCB 52)",Y,26300.0,26300.0,pg/g,6.32,Yes,Y,J,J,E,6.27,6.32,6.32,pg/g,,26300.0,26300.0,pg/g,TRG,-74.1362621,40.8174904,10.84,PR,-0.5568751,0.0,-1.11375,-74.1362621,40.8174904,A9189,,10/26/2016@Paula DiMattei,Y,Limited
46,NJD980528996,16A-0603,16A-0603,,,16A-0603-S1-AS,,2016-08-20 14:26:00,N,,0.0,13.5,in,,SE,,,,2016 CPG R.Mile 10.9 RA SPME Cap Monitor,,,,LB,L1627445-08,SE,DRY,AWHL,LLOYD KAHN METHOD,2016-09-02 12:58:00,,T,INITIAL,,,,L1627445,0.0,1,,,374497,TOC,Total Organic Carbon,,7.6,7.6,%,0.05,Yes,Y,,,,0.05,0.05,0.05,%,,7.6,7.6,%,TRG,-74.1362621,40.8174904,10.84,PR,-0.5568751,0.0,-1.11375,-74.1362621,40.8174904,A9189,A9189,10/26/2016@Paula DiMattei,Y,Limited
47,NJD980528996,16A-0603,16A-0603,,,16A-0603-S1-AS,,2016-08-20 14:26:00,N,,0.0,13.5,in,,SE,,,,2016 CPG R.Mile 10.9 RA SPME Cap Monitor,,,,LB,A9189_14357_DF_008-R,SE,,APER,SW1613B,2016-09-20 05:49:00,,T,REANALYSIS,NONE,,,A9189,78.9,1,,,374499,1746-01-6,"2,3,7,8-Tetrachlorodibenzo-p-dioxin",,232.0,232.0,pg/g,0.673,Yes,Y,J,J,,3.13,0.673,0.673,pg/g,,232.0,232.0,pg/g,TRG,-74.1362621,40.8174904,10.84,PR,-0.5568751,0.0,-1.11375,-74.1362621,40.8174904,A9189,,10/26/2016@Paula DiMattei,Y,Limited
48,NJD980528996,16A-0603,16A-0603,,,16A-0603-S1-AT,,2016-08-20 14:27:00,FD,,0.0,13.5,in,,SE,,,,2016 CPG R.Mile 10.9 RA SPME Cap Monitor,,,16A-0603-E1-AS,LB,A9189_14357_PAH_009-,SE,,APER,CARB429 MOD,2016-09-13 21:04:00,1C,N,DILUTION1,NONE,,,A9189,77.7,20,,,374500,85-01-8,Phenanthrene,Y,2270.0,2270.0,ng/g,0.768,Yes,Y,J,J,E,1.17,0.768,0.768,ng/g,,2270.0,2270.0,ng/g,TRG,-74.1362621,40.8174904,10.84,PR,-0.5568751,0.0,-1.11375,-74.1362621,40.8174904,A9189,,10/26/2016@Paula DiMattei,Y,Limited
49,NJD980528996,16A-0603,16A-0603,,,16A-0603-S1-AT,,2016-08-20 14:27:00,FD,,0.0,13.5,in,,SE,,,,2016 CPG R.Mile 10.9 RA SPME Cap Monitor,,,16A-0603-E1-AS,LB,A9189_14357_PCB_009-,SE,,APER,E1668C,2016-09-27 22:34:00,1C,N,INITIAL,NONE,,,A9189,77.7,1,,,374501,35693-99-3,"Tetrachlorobiphenyl; 2,2',5,5'- (PCB 52)",Y,28400.0,28400.0,pg/g,19.4,Yes,Y,J,J,E,5.86,19.4,19.4,pg/g,,28400.0,28400.0,pg/g,TRG,-74.1362621,40.8174904,10.84,PR,-0.5568751,0.0,-1.11375,-74.1362621,40.8174904,A9189,,10/26/2016@Paula DiMattei,Y,Limited
50,NJD980528996,16A-0603,16A-0603,,,16A-0603-S1-AT,,2016-08-20 14:27:00,FD,,0.0,13.5,in,,SE,,,,2016 CPG R.Mile 10.9 RA SPME Cap Monitor,,,16A-0603-E1-AS,LB,L1627445-09,SE,DRY,AWHL,LLOYD KAHN METHOD,2016-09-02 13:59:00,,T,INITIAL,,,,L1627445,0.0,1,,,374502,TOC,Total Organic Carbon,,7.5,7.5,%,0.05,Yes,Y,,,,0.05,0.05,0.05,%,,7.5,7.5,%,TRG,-74.1362621,40.8174904,10.84,PR,-0.5568751,0.0,-1.11375,-74.1362621,40.8174904,A9189,A9189,10/26/2016@Paula DiMattei,Y,Limited
51,NJD980528996,16A-0603,16A-0603,,,16A-0603-S1-AT,,2016-08-20 14:27:00,FD,,0.0,13.5,in,,SE,,,,2016 CPG R.Mile 10.9 RA SPME Cap Monitor,,,16A-0603-E1-AS,LB,A9189_14357_DF_009-R,SE,,APER,SW1613B,2016-09-20 06:42:00,,T,REANALYSIS,NONE,,,A9189,77.7,1,,,374504,1746-01-6,"2,3,7,8-Tetrachlorodibenzo-p-dioxin",,209.0,209.0,pg/g,0.594,Yes,Y,J,J,,2.93,0.594,0.594,pg/g,,209.0,209.0,pg/g,TRG,-74.1362621,40.8174904,10.84,PR,-0.5568751,0.0,-1.11375,-74.1362621,40.8174904,A9189,,10/26/2016@Paula DiMattei,Y,Limited
52,NJD980528996,16A-0604,16A-0604,,,16A-0604-E1-AS,,2016-08-20 16:04:00,N,,15.0,21.0,in,,SPM,,,,2016 CPG R.Mile 10.9 RA SPME Cap Monitor,,,,LB,A9188_14360_PAH_016,SPM,,APER,CARB429 MOD,2016-09-10 06:55:00,1C,N,INITIAL,NONE,,,A9188,,1,,,374505,85-01-8,Phenanthrene,Y,17.2,17.2,ng,0.087,Yes,Y,J+,J+,B,4.0,0.087,0.087,ng,,17.2,17.2,ng,TRG,-74.1360429,40.8176771,10.86,PR,-1.485,-1.2375,-1.7325,-74.1360429,40.8176771,,,10/26/2016@Paula DiMattei,Y,Limited
53,NJD980528996,16A-0604,16A-0604,,,16A-0604-E1-AS,,2016-08-20 16:04:00,N,,15.0,21.0,in,,SPM,,,,2016 CPG R.Mile 10.9 RA SPME Cap Monitor,,,,LB,A9188_14360_PCB_016,SPM,,APER,E1668C,2016-09-19 19:32:00,1C,N,INITIAL,NONE,,,A9188,,1,,,374506,35693-99-3,"Tetrachlorobiphenyl; 2,2',5,5'- (PCB 52)",Y,1670.0,1670.0,pg,4.4,Yes,Y,,,,20.0,4.4,4.4,pg,,1670.0,1670.0,pg,TRG,-74.1360429,40.8176771,10.86,PR,-1.485,-1.2375,-1.7325,-74.1360429,40.8176771,,,10/26/2016@Paula DiMattei,Y,Limited
54,NJD980528996,16A-0604,16A-0604,,,16A-0604-E1-AS,,2016-08-20 16:04:00,N,,15.0,21.0,in,,SPM,,,,2016 CPG R.Mile 10.9 RA SPME Cap Monitor,,,,LB,A9188_14360_DF_016,SPM,,APER,SW1613B,2016-09-22 16:03:00,,T,INITIAL,NONE,,,A9188,,1,,,374507,1746-01-6,"2,3,7,8-Tetrachlorodibenzo-p-dioxin",,6.07,6.07,pg,6.07,Yes,N,U,U,U,10.0,6.07,6.07,pg,,,,pg,TRG,-74.1360429,40.8176771,10.86,PR,-1.485,-1.2375,-1.7325,-74.1360429,40.8176771,,,10/26/2016@Paula DiMattei,Y,Limited
55,NJD980528996,16A-0604,16A-0604,,,16A-0604-E2-BS,,2016-08-20 16:07:00,N,,23.25,29.25,in,,SPM,,,,2016 CPG R.Mile 10.9 RA SPME Cap Monitor,,,,LB,A9188_14360_PAH_017,SPM,,APER,CARB429 MOD,2016-09-10 07:43:00,1C,N,INITIAL,NONE,,,A9188,,1,,,374508,85-01-8,Phenanthrene,Y,5.18,5.18,ng,0.109,Yes,Y,J+,J+,B,4.0,0.109,0.109,ng,,5.18,5.18,ng,TRG,-74.1360429,40.8176771,10.86,PR,-2.165625,-1.918125,-2.413125,-74.1360429,40.8176771,,,10/26/2016@Paula DiMattei,Y,Limited
56,NJD980528996,16A-0604,16A-0604,,,16A-0604-E2-BS,,2016-08-20 16:07:00,N,,23.25,29.25,in,,SPM,,,,2016 CPG R.Mile 10.9 RA SPME Cap Monitor,,,,LB,A9188_14360_PCB_017,SPM,,APER,E1668C,2016-09-19 20:29:00,1C,N,INITIAL,NONE,,,A9188,,1,,,374509,35693-99-3,"Tetrachlorobiphenyl; 2,2',5,5'- (PCB 52)",Y,816.0,816.0,pg,3.13,Yes,Y,,,,20.0,3.13,3.13,pg,,816.0,816.0,pg,TRG,-74.1360429,40.8176771,10.86,PR,-2.165625,-1.918125,-2.413125,-74.1360429,40.8176771,,,10/26/2016@Paula DiMattei,Y,Limited
57,NJD980528996,16A-0604,16A-0604,,,16A-0604-E2-BS,,2016-08-20 16:07:00,N,,23.25,29.25,in,,SPM,,,,2016 CPG R.Mile 10.9 RA SPME Cap Monitor,,,,LB,A9188_14360_DF_017,SPM,,APER,SW1613B,2016-09-22 16:53:00,,T,INITIAL,NONE,,,A9188,,1,,,374510,1746-01-6,"2,3,7,8-Tetrachlorodibenzo-p-dioxin",,4.29,4.29,pg,4.29,Yes,N,U,U,U,10.0,4.29,4.29,pg,,,,pg,TRG,-74.1360429,40.8176771,10.86,PR,-2.165625,-1.918125,-2.413125,-74.1360429,40.8176771,,,10/26/2016@Paula DiMattei,Y,Limited
58,NJD980528996,16A-0604,16A-0604,,,16A-0604-E3-CS,,2016-08-20 16:10:00,N,,36.25,42.25,in,,SPM,,,,2016 CPG R.Mile 10.9 RA SPME Cap Monitor,,,,LB,A9186_14359_PAH_013,SPM,,APER,CARB429 MOD,2016-09-09 09:30:00,1C,N,INITIAL,NONE,,,A9186,,1,,,374511,85-01-8,Phenanthrene,Y,4.0,4.0,ng,4.0,Yes,N,U,U,J B,4.0,0.115,4.0,ng,,,,ng,TRG,-74.1360429,40.8176771,10.86,PR,-3.238125,-2.990625,-3.485625,-74.1360429,40.8176771,,,10/26/2016@Paula DiMattei,Y,Limited
59,NJD980528996,16A-0604,16A-0604,,,16A-0604-E3-CS,,2016-08-20 16:10:00,N,,36.25,42.25,in,,SPM,,,,2016 CPG R.Mile 10.9 RA SPME Cap Monitor,,,,LB,A9186_14359_PCB_013,SPM,,APER,E1668C,2016-09-18 13:53:00,1C,N,INITIAL,NONE,,,A9186,,1,,,374512,35693-99-3,"Tetrachlorobiphenyl; 2,2',5,5'- (PCB 52)",Y,1120.0,1120.0,pg,5.32,Yes,Y,,,,20.0,5.32,5.32,pg,,1120.0,1120.0,pg,TRG,-74.1360429,40.8176771,10.86,PR,-3.238125,-2.990625,-3.485625,-74.1360429,40.8176771,,,10/26/2016@Paula DiMattei,Y,Limited
60,NJD980528996,16A-0604,16A-0604,,,16A-0604-E3-CS,,2016-08-20 16:10:00,N,,36.25,42.25,in,,SPM,,,,2016 CPG R.Mile 10.9 RA SPME Cap Monitor,,,,LB,A9186_14359_DF_013,SPM,,APER,SW1613B,2016-09-22 06:45:00,,T,INITIAL,NONE,,,A9186,,1,,,374513,1746-01-6,"2,3,7,8-Tetrachlorodibenzo-p-dioxin",,2.28,2.28,pg,2.28,Yes,N,U,U,U,10.0,2.28,2.28,pg,,,,pg,TRG,-74.1360429,40.8176771,10.86,PR,-3.238125,-2.990625,-3.485625,-74.1360429,40.8176771,,,10/26/2016@Paula DiMattei,Y,Limited
61,NJD980528996,16A-0604,16A-0604,,,16A-0604-S1-AS,,2016-08-20 16:02:00,N,,0.0,18.5,in,,SE,,,,2016 CPG R.Mile 10.9 RA SPME Cap Monitor,,,,LB,A9189_14357_PAH_010-,SE,,APER,CARB429 MOD,2016-09-13 21:51:00,1C,N,DILUTION1,NONE,,,A9189,78.3,20,,,374514,85-01-8,Phenanthrene,Y,2230.0,2230.0,ng/g,1.08,Yes,Y,J,J,E,1.22,1.08,1.08,ng/g,,2230.0,2230.0,ng/g,TRG,-74.1360429,40.8176771,10.86,PR,-0.763125,0.0,-1.52625,-74.1360429,40.8176771,A9189,,10/26/2016@Paula DiMattei,Y,Limited
62,NJD980528996,16A-0604,16A-0604,,,16A-0604-S1-AS,,2016-08-20 16:02:00,N,,0.0,18.5,in,,SE,,,,2016 CPG R.Mile 10.9 RA SPME Cap Monitor,,,,LB,A9189_14357_PCB_010-,SE,,APER,E1668C,2016-09-28 11:20:00,1C,N,REANALYSIS,NONE,,,A9189,78.3,1,,,374515,35693-99-3,"Tetrachlorobiphenyl; 2,2',5,5'- (PCB 52)",Y,24100.0,24100.0,pg/g,4.03,Yes,Y,J,J,,6.1,4.03,4.03,pg/g,,24100.0,24100.0,pg/g,TRG,-74.1360429,40.8176771,10.86,PR,-0.763125,0.0,-1.52625,-74.1360429,40.8176771,A9189,,10/26/2016@Paula DiMattei,Y,Limited
63,NJD980528996,16A-0604,16A-0604,,,16A-0604-S1-AS,,2016-08-20 16:02:00,N,,0.0,18.5,in,,SE,,,,2016 CPG R.Mile 10.9 RA SPME Cap Monitor,,,,LB,L1627445-10,SE,DRY,AWHL,LLOYD KAHN METHOD,2016-09-02 14:09:00,,T,INITIAL,,,,L1627445,0.0,1,,,374516,TOC,Total Organic Carbon,,7.56,7.56,%,0.05,Yes,Y,,,,0.05,0.05,0.05,%,,7.56,7.56,%,TRG,-74.1360429,40.8176771,10.86,PR,-0.763125,0.0,-1.52625,-74.1360429,40.8176771,A9189,A9189,10/26/2016@Paula DiMattei,Y,Limited
64,NJD980528996,16A-0604,16A-0604,,,16A-0604-S1-AS,,2016-08-20 16:02:00,N,,0.0,18.5,in,,SE,,,,2016 CPG R.Mile 10.9 RA SPME Cap Monitor,,,,LB,A9189_14357_DF_010-R,SE,,APER,SW1613B,2016-09-20 07:34:00,,T,REANALYSIS,NONE,,,A9189,78.3,1,,,374518,1746-01-6,"2,3,7,8-Tetrachlorodibenzo-p-dioxin",,199.0,199.0,pg/g,0.447,Yes,Y,J,J,,3.05,0.447,0.447,pg/g,,199.0,199.0,pg/g,TRG,-74.1360429,40.8176771,10.86,PR,-0.763125,0.0,-1.52625,-74.1360429,40.8176771,A9189,,10/26/2016@Paula DiMattei,Y,Limited
65,NJD980528996,16A-0605,16A-0605,,,16A-0605-E1-AS,,2016-08-20 17:12:00,N,,17.25,23.25,in,,SPM,,,,2016 CPG R.Mile 10.9 RA SPME Cap Monitor,,,,LB,A9186_14359_PAH_014,SPM,,APER,CARB429 MOD,2016-09-09 10:18:00,1C,N,INITIAL,NONE,,,A9186,,1,,,374519,85-01-8,Phenanthrene,Y,24.0,24.0,ng,0.134,Yes,Y,J+,J+,,4.0,0.134,0.134,ng,,24.0,24.0,ng,TRG,-74.1356641,40.8179629,10.89,PR,-1.670625,-1.423125,-1.918125,-74.1356641,40.8179629,,,10/26/2016@Paula DiMattei,Y,Limited
66,NJD980528996,16A-0605,16A-0605,,,16A-0605-E1-AS,,2016-08-20 17:12:00,N,,17.25,23.25,in,,SPM,,,,2016 CPG R.Mile 10.9 RA SPME Cap Monitor,,,,LB,A9186_14359_PCB_014,SPM,,APER,E1668C,2016-09-18 14:49:00,1C,N,INITIAL,NONE,,,A9186,,1,,,374520,35693-99-3,"Tetrachlorobiphenyl; 2,2',5,5'- (PCB 52)",Y,1100.0,1100.0,pg,4.78,Yes,Y,,,,20.0,4.78,4.78,pg,,1100.0,1100.0,pg,TRG,-74.1356641,40.8179629,10.89,PR,-1.670625,-1.423125,-1.918125,-74.1356641,40.8179629,,,10/26/2016@Paula DiMattei,Y,Limited
67,NJD980528996,16A-0605,16A-0605,,,16A-0605-E1-AS,,2016-08-20 17:12:00,N,,17.25,23.25,in,,SPM,,,,2016 CPG R.Mile 10.9 RA SPME Cap Monitor,,,,LB,A9186_14359_DF_014,SPM,,APER,SW1613B,2016-09-22 07:37:00,,T,INITIAL,NONE,,,A9186,,1,,,374521,1746-01-6,"2,3,7,8-Tetrachlorodibenzo-p-dioxin",,2.2,2.2,pg,2.2,Yes,N,U,U,U,10.0,2.2,2.2,pg,,,,pg,TRG,-74.1356641,40.8179629,10.89,PR,-1.670625,-1.423125,-1.918125,-74.1356641,40.8179629,,,10/26/2016@Paula DiMattei,Y,Limited
68,NJD980528996,16A-0605,16A-0605,,,16A-0605-E2-BS,,2016-08-20 17:15:00,N,,25.0,31.0,in,,SPM,,,,2016 CPG R.Mile 10.9 RA SPME Cap Monitor,,,,LB,A9186_14359_PAH_015,SPM,,APER,CARB429 MOD,2016-09-09 11:05:00,1C,N,INITIAL,NONE,,,A9186,,1,,,374522,85-01-8,Phenanthrene,Y,5.79,5.79,ng,0.126,Yes,Y,J+,J+,B,4.0,0.126,0.126,ng,,5.79,5.79,ng,TRG,-74.1356641,40.8179629,10.89,PR,-2.31,-2.0625,-2.5575,-74.1356641,40.8179629,,,10/26/2016@Paula DiMattei,Y,Limited
69,NJD980528996,16A-0605,16A-0605,,,16A-0605-E2-BS,,2016-08-20 17:15:00,N,,25.0,31.0,in,,SPM,,,,2016 CPG R.Mile 10.9 RA SPME Cap Monitor,,,,LB,A9186_14359_PCB_015-,SPM,,APER,E1668C,2016-09-20 05:07:00,1C,N,REANALYSIS,NONE,,,A9186,,1,,,374523,35693-99-3,"Tetrachlorobiphenyl; 2,2',5,5'- (PCB 52)",Y,289.0,289.0,pg,9.03,Yes,Y,,,,20.0,9.03,9.03,pg,,289.0,289.0,pg,TRG,-74.1356641,40.8179629,10.89,PR,-2.31,-2.0625,-2.5575,-74.1356641,40.8179629,,,10/26/2016@Paula DiMattei,Y,Limited
70,NJD980528996,16A-0605,16A-0605,,,16A-0605-E2-BS,,2016-08-20 17:15:00,N,,25.0,31.0,in,,SPM,,,,2016 CPG R.Mile 10.9 RA SPME Cap Monitor,,,,LB,A9186_14359_DF_015,SPM,,APER,SW1613B,2016-09-22 08:30:00,,T,INITIAL,NONE,,,A9186,,1,,,374524,1746-01-6,"2,3,7,8-Tetrachlorodibenzo-p-dioxin",,2.36,2.36,pg,2.36,Yes,N,U,U,U,10.0,2.36,2.36,pg,,,,pg,TRG,-74.1356641,40.8179629,10.89,PR,-2.31,-2.0625,-2.5575,-74.1356641,40.8179629,,,10/26/2016@Paula DiMattei,Y,Limited
71,NJD980528996,16A-0605,16A-0605,,,16A-0605-E3-CS,,2016-08-20 17:18:00,N,,34.5,40.5,in,,SPM,,,,2016 CPG R.Mile 10.9 RA SPME Cap Monitor,,,,LB,A9186_14359_PAH_016,SPM,,APER,CARB429 MOD,2016-09-09 11:53:00,1C,N,INITIAL,NONE,,,A9186,,1,,,374525,85-01-8,Phenanthrene,Y,4.0,4.0,ng,4.0,Yes,N,U,U,J B,4.0,0.151,4.0,ng,,,,ng,TRG,-74.1356641,40.8179629,10.89,PR,-3.09375,-2.84625,-3.34125,-74.1356641,40.8179629,,,10/26/2016@Paula DiMattei,Y,Limited
72,NJD980528996,16A-0605,16A-0605,,,16A-0605-E3-CS,,2016-08-20 17:18:00,N,,34.5,40.5,in,,SPM,,,,2016 CPG R.Mile 10.9 RA SPME Cap Monitor,,,,LB,A9186_14359_PCB_016-,SPM,,APER,E1668C,2016-09-20 11:27:00,1C,N,REANALYSIS,NONE,,,A9186,,1,,,374526,35693-99-3,"Tetrachlorobiphenyl; 2,2',5,5'- (PCB 52)",Y,93.1,93.1,pg,12.2,Yes,Y,J+,J+,B,20.0,12.2,12.2,pg,,93.1,93.1,pg,TRG,-74.1356641,40.8179629,10.89,PR,-3.09375,-2.84625,-3.34125,-74.1356641,40.8179629,,,10/26/2016@Paula DiMattei,Y,Limited
73,NJD980528996,16A-0605,16A-0605,,,16A-0605-E3-CS,,2016-08-20 17:18:00,N,,34.5,40.5,in,,SPM,,,,2016 CPG R.Mile 10.9 RA SPME Cap Monitor,,,,LB,A9186_14359_DF_016,SPM,,APER,SW1613B,2016-09-22 09:22:00,,T,INITIAL,NONE,,,A9186,,1,,,374527,1746-01-6,"2,3,7,8-Tetrachlorodibenzo-p-dioxin",,2.47,2.47,pg,2.47,Yes,N,U,U,U,10.0,2.47,2.47,pg,,,,pg,TRG,-74.1356641,40.8179629,10.89,PR,-3.09375,-2.84625,-3.34125,-74.1356641,40.8179629,,,10/26/2016@Paula DiMattei,Y,Limited
74,NJD980528996,16A-0605,16A-0605,,,16A-0605-S1-AS,,2016-08-20 17:10:00,N,,0.0,12.75,in,,SE,,,,2016 CPG R.Mile 10.9 RA SPME Cap Monitor,,,,LB,A9189_14357_PAH_011-,SE,,APER,CARB429 MOD,2016-09-13 22:38:00,1C,N,DILUTION1,NONE,,,A9189,78.3,20,,,374528,85-01-8,Phenanthrene,Y,2170.0,2170.0,ng/g,0.943,Yes,Y,J,J,E,1.2,0.943,0.943,ng/g,,2170.0,2170.0,ng/g,TRG,-74.1356641,40.8179629,10.89,PR,-0.5259375,0.0,-1.051875,-74.1356641,40.8179629,A9189,,10/26/2016@Paula DiMattei,Y,Limited
75,NJD980528996,16A-0605,16A-0605,,,16A-0605-S1-AS,,2016-08-20 17:10:00,N,,0.0,12.75,in,,SE,,,,2016 CPG R.Mile 10.9 RA SPME Cap Monitor,,,,LB,A9189_14357_PCB_011-,SE,,APER,E1668C,2016-09-28 12:15:00,1C,N,REANALYSIS,NONE,,,A9189,78.3,1,,,374529,35693-99-3,"Tetrachlorobiphenyl; 2,2',5,5'- (PCB 52)",Y,26100.0,26100.0,pg/g,5.04,Yes,Y,J,J,E,5.98,5.04,5.04,pg/g,,26100.0,26100.0,pg/g,TRG,-74.1356641,40.8179629,10.89,PR,-0.5259375,0.0,-1.051875,-74.1356641,40.8179629,A9189,,10/26/2016@Paula DiMattei,Y,Limited
76,NJD980528996,16A-0605,16A-0605,,,16A-0605-S1-AS,,2016-08-20 17:10:00,N,,0.0,12.75,in,,SE,,,,2016 CPG R.Mile 10.9 RA SPME Cap Monitor,,,,LB,L1627445-11,SE,DRY,AWHL,LLOYD KAHN METHOD,2016-09-02 14:19:00,,T,INITIAL,,,,L1627445,0.0,1,,,374530,TOC,Total Organic Carbon,,7.96,7.96,%,0.05,Yes,Y,,,,0.05,0.05,0.05,%,,7.96,7.96,%,TRG,-74.1356641,40.8179629,10.89,PR,-0.5259375,0.0,-1.051875,-74.1356641,40.8179629,A9189,A9189,10/26/2016@Paula DiMattei,Y,Limited
77,NJD980528996,16A-0605,16A-0605,,,16A-0605-S1-AS,,2016-08-20 17:10:00,N,,0.0,12.75,in,,SE,,,,2016 CPG R.Mile 10.9 RA SPME Cap Monitor,,,,LB,A9189_14357_DF_011-R,SE,,APER,SW1613B,2016-09-20 08:27:00,,T,REANALYSIS,NONE,,,A9189,78.3,1,,,374532,1746-01-6,"2,3,7,8-Tetrachlorodibenzo-p-dioxin",,215.0,215.0,pg/g,0.792,Yes,Y,J,J,,2.99,0.792,0.792,pg/g,,215.0,215.0,pg/g,TRG,-74.1356641,40.8179629,10.89,PR,-0.5259375,0.0,-1.051875,-74.1356641,40.8179629,A9189,,10/26/2016@Paula DiMattei,Y,Limited
78,NJD980528996,16A-0606,16A-0606,,,16A-0606-E1-AS,,2016-08-19 15:18:00,N,,13.0,19.0,in,,SPM,,,,2016 CPG R.Mile 10.9 RA SPME Cap Monitor,,,,LB,A9188_14360_PAH_001,SPM,,APER,CARB429 MOD,2016-09-09 17:27:00,1C,N,INITIAL,NONE,,,A9188,,1,,,374533,85-01-8,Phenanthrene,Y,22.3,22.3,ng,0.0961,Yes,Y,J+,J+,B,4.0,0.0961,0.0961,ng,,22.3,22.3,ng,TRG,-74.1348931,40.8181939,10.93,PR,-1.32,-1.0725,-1.5675,-74.1348931,40.8181939,,,10/26/2016@Paula DiMattei,Y,Limited
79,NJD980528996,16A-0606,16A-0606,,,16A-0606-E1-AS,,2016-08-19 15:18:00,N,,13.0,19.0,in,,SPM,,,,2016 CPG R.Mile 10.9 RA SPME Cap Monitor,,,,LB,A9188_14360_PCB_001-,SPM,,APER,E1668C,2016-09-20 20:27:00,1C,N,REANALYSIS,NONE,,,A9188,,1,,,374534,35693-99-3,"Tetrachlorobiphenyl; 2,2',5,5'- (PCB 52)",Y,1290.0,1290.0,pg,11.3,Yes,Y,,,,20.0,11.3,11.3,pg,,1290.0,1290.0,pg,TRG,-74.1348931,40.8181939,10.93,PR,-1.32,-1.0725,-1.5675,-74.1348931,40.8181939,,,10/26/2016@Paula DiMattei,Y,Limited
80,NJD980528996,16A-0606,16A-0606,,,16A-0606-E1-AS,,2016-08-19 15:18:00,N,,13.0,19.0,in,,SPM,,,,2016 CPG R.Mile 10.9 RA SPME Cap Monitor,,,,LB,A9188_14360_DF_001,SPM,,APER,SW1613B,2016-09-22 00:16:00,,T,INITIAL,NONE,,,A9188,,1,,,374535,1746-01-6,"2,3,7,8-Tetrachlorodibenzo-p-dioxin",,5.19,5.19,pg,5.19,Yes,N,U,U,U,10.0,5.19,5.19,pg,,,,pg,TRG,-74.1348931,40.8181939,10.93,PR,-1.32,-1.0725,-1.5675,-74.1348931,40.8181939,,,10/26/2016@Paula DiMattei,Y,Limited
81,NJD980528996,16A-0606,16A-0606,,,16A-0606-E2-BS,,2016-08-19 15:20:00,N,,16.75,22.75,in,,SPM,,,,2016 CPG R.Mile 10.9 RA SPME Cap Monitor,,,,LB,A9188_14360_PAH_002,SPM,,APER,CARB429 MOD,2016-09-09 18:15:00,1C,N,INITIAL,NONE,,,A9188,,1,,,374536,85-01-8,Phenanthrene,Y,8.74,8.74,ng,0.0766,Yes,Y,J+,J+,B,4.0,0.0766,0.0766,ng,,8.74,8.74,ng,TRG,-74.1348931,40.8181939,10.93,PR,-1.629375,-1.381875,-1.876875,-74.1348931,40.8181939,,,10/26/2016@Paula DiMattei,Y,Limited
82,NJD980528996,16A-0606,16A-0606,,,16A-0606-E2-BS,,2016-08-19 15:20:00,N,,16.75,22.75,in,,SPM,,,,2016 CPG R.Mile 10.9 RA SPME Cap Monitor,,,,LB,A9188_14360_PCB_002,SPM,,APER,E1668C,2016-09-19 00:24:00,1C,N,INITIAL,NONE,,,A9188,,1,,,374537,35693-99-3,"Tetrachlorobiphenyl; 2,2',5,5'- (PCB 52)",Y,475.0,475.0,pg,8.33,Yes,Y,,,,20.0,8.33,8.33,pg,,475.0,475.0,pg,TRG,-74.1348931,40.8181939,10.93,PR,-1.629375,-1.381875,-1.876875,-74.1348931,40.8181939,,,10/26/2016@Paula DiMattei,Y,Limited
83,NJD980528996,16A-0606,16A-0606,,,16A-0606-E2-BS,,2016-08-19 15:20:00,N,,16.75,22.75,in,,SPM,,,,2016 CPG R.Mile 10.9 RA SPME Cap Monitor,,,,LB,A9188_14360_DF_002,SPM,,APER,SW1613B,2016-09-22 01:05:00,,T,INITIAL,NONE,,,A9188,,1,,,374538,1746-01-6,"2,3,7,8-Tetrachlorodibenzo-p-dioxin",,9.17,9.17,pg,9.17,Yes,N,U,U,U,10.0,9.17,9.17,pg,,,,pg,TRG,-74.1348931,40.8181939,10.93,PR,-1.629375,-1.381875,-1.876875,-74.1348931,40.8181939,,,10/26/2016@Paula DiMattei,Y,Limited
84,NJD980528996,16A-0606,16A-0606,,,16A-0606-E3-CS,,2016-08-19 15:22:00,N,,34.5,40.5,in,,SPM,,,,2016 CPG R.Mile 10.9 RA SPME Cap Monitor,,,,LB,A9188_14360_PAH_003,SPM,,APER,CARB429 MOD,2016-09-09 19:02:00,1C,N,INITIAL,NONE,,,A9188,,1,,,374539,85-01-8,Phenanthrene,Y,7.81,7.81,ng,1.12,Yes,Y,J+,J+,B,4.0,1.12,1.12,ng,,7.81,7.81,ng,TRG,-74.1348931,40.8181939,10.93,PR,-3.09375,-2.84625,-3.34125,-74.1348931,40.8181939,,,10/26/2016@Paula DiMattei,Y,Limited
85,NJD980528996,16A-0606,16A-0606,,,16A-0606-E3-CS,,2016-08-19 15:22:00,N,,34.5,40.5,in,,SPM,,,,2016 CPG R.Mile 10.9 RA SPME Cap Monitor,,,,LB,A9188_14360_PCB_003,SPM,,APER,E1668C,2016-09-19 01:20:00,1C,N,INITIAL,NONE,,,A9188,,1,,,374540,35693-99-3,"Tetrachlorobiphenyl; 2,2',5,5'- (PCB 52)",Y,2440.0,2440.0,pg,5.43,Yes,Y,,,,20.0,5.43,5.43,pg,,2440.0,2440.0,pg,TRG,-74.1348931,40.8181939,10.93,PR,-3.09375,-2.84625,-3.34125,-74.1348931,40.8181939,,,10/26/2016@Paula DiMattei,Y,Limited
86,NJD980528996,16A-0606,16A-0606,,,16A-0606-E3-CS,,2016-08-19 15:22:00,N,,34.5,40.5,in,,SPM,,,,2016 CPG R.Mile 10.9 RA SPME Cap Monitor,,,,LB,A9188_14360_DF_003,SPM,,APER,SW1613B,2016-09-22 01:54:00,,T,INITIAL,NONE,,,A9188,,1,,,374541,1746-01-6,"2,3,7,8-Tetrachlorodibenzo-p-dioxin",,5.91,5.91,pg,5.91,Yes,N,U,U,U,10.0,5.91,5.91,pg,,,,pg,TRG,-74.1348931,40.8181939,10.93,PR,-3.09375,-2.84625,-3.34125,-74.1348931,40.8181939,,,10/26/2016@Paula DiMattei,Y,Limited
87,NJD980528996,16A-0606,16A-0606,,,16A-0606-S1-AS,,2016-08-19 15:16:00,N,,0.0,13.5,in,,SE,,,,2016 CPG R.Mile 10.9 RA SPME Cap Monitor,,,,LB,A9189_14357_PAH_001-,SE,,APER,CARB429 MOD,2016-09-13 14:44:00,1C,N,DILUTION1,NONE,,,A9189,77.6,20,,,374542,85-01-8,Phenanthrene,Y,2100.0,2100.0,ng/g,0.645,Yes,Y,J,J,E,1.19,0.645,0.645,ng/g,,2100.0,2100.0,ng/g,TRG,-74.1348931,40.8181939,10.93,PR,-0.5568751,0.0,-1.11375,-74.1348931,40.8181939,A9189,,10/26/2016@Paula DiMattei,Y,Limited
88,NJD980528996,16A-0606,16A-0606,,,16A-0606-S1-AS,,2016-08-19 15:16:00,N,,0.0,13.5,in,,SE,,,,2016 CPG R.Mile 10.9 RA SPME Cap Monitor,,,,LB,A9189_14357_PCB_001-,SE,,APER,E1668C,2016-09-23 22:38:00,1C,N,REANALYSIS,NONE,,,A9189,77.6,1,,,374543,35693-99-3,"Tetrachlorobiphenyl; 2,2',5,5'- (PCB 52)",Y,22700.0,22700.0,pg/g,29.0,Yes,Y,J,J,,5.95,29.0,29.0,pg/g,,22700.0,22700.0,pg/g,TRG,-74.1348931,40.8181939,10.93,PR,-0.5568751,0.0,-1.11375,-74.1348931,40.8181939,A9189,,10/26/2016@Paula DiMattei,Y,Limited
89,NJD980528996,16A-0606,16A-0606,,,16A-0606-S1-AS,,2016-08-19 15:16:00,N,,0.0,13.5,in,,SE,,,,2016 CPG R.Mile 10.9 RA SPME Cap Monitor,,,,LB,L1627445-01,SE,DRY,AWHL,LLOYD KAHN METHOD,2016-09-02 10:08:00,,T,INITIAL,,,,L1627445,0.0,1,,,374544,TOC,Total Organic Carbon,,7.44,7.44,%,0.05,Yes,Y,,,,0.05,0.05,0.05,%,,7.44,7.44,%,TRG,-74.1348931,40.8181939,10.93,PR,-0.5568751,0.0,-1.11375,-74.1348931,40.8181939,A9189,A9189,10/26/2016@Paula DiMattei,Y,Limited
90,NJD980528996,16A-0606,16A-0606,,,16A-0606-S1-AS,,2016-08-19 15:16:00,N,,0.0,13.5,in,,SE,,,,2016 CPG R.Mile 10.9 RA SPME Cap Monitor,,,,LB,A9189_14357_DF_001-R,SE,,APER,SW1613B,2016-09-19 20:57:00,,T,REANALYSIS,NONE,,,A9189,77.6,1,,,374546,1746-01-6,"2,3,7,8-Tetrachlorodibenzo-p-dioxin",,225.0,225.0,pg/g,0.531,Yes,Y,J,J,,2.97,0.531,0.531,pg/g,,225.0,225.0,pg/g,TRG,-74.1348931,40.8181939,10.93,PR,-0.5568751,0.0,-1.11375,-74.1348931,40.8181939,A9189,,10/26/2016@Paula DiMattei,Y,Limited
91,NJD980528996,16A-0607,16A-0607,,,16A-0607-E1-AS,,2016-08-19 15:00:00,N,,3.25,9.25,in,,SPM,,,,2016 CPG R.Mile 10.9 RA SPME Cap Monitor,,,,LB,A9188_14360_PAH_004,SPM,,APER,CARB429 MOD,2016-09-09 19:50:00,1C,N,INITIAL,NONE,,,A9188,,1,,,374547,85-01-8,Phenanthrene,Y,30.9,30.9,ng,1.68,Yes,Y,,,B,4.0,1.68,1.68,ng,,30.9,30.9,ng,TRG,-74.1340827,40.8184524,10.98,PR,-0.515625,-0.268125,-0.763125,-74.1340827,40.8184524,,,10/26/2016@Paula DiMattei,Y,Limited
92,NJD980528996,16A-0607,16A-0607,,,16A-0607-E1-AS,,2016-08-19 15:00:00,N,,3.25,9.25,in,,SPM,,,,2016 CPG R.Mile 10.9 RA SPME Cap Monitor,,,,LB,A9188_14360_PCB_004,SPM,,APER,E1668C,2016-09-19 02:17:00,1C,N,INITIAL,NONE,,,A9188,,1,,,374548,35693-99-3,"Tetrachlorobiphenyl; 2,2',5,5'- (PCB 52)",Y,2790.0,2790.0,pg,3.75,Yes,Y,,,,20.0,3.75,3.75,pg,,2790.0,2790.0,pg,TRG,-74.1340827,40.8184524,10.98,PR,-0.515625,-0.268125,-0.763125,-74.1340827,40.8184524,,,10/26/2016@Paula DiMattei,Y,Limited
93,NJD980528996,16A-0607,16A-0607,,,16A-0607-E1-AS,,2016-08-19 15:00:00,N,,3.25,9.25,in,,SPM,,,,2016 CPG R.Mile 10.9 RA SPME Cap Monitor,,,,LB,A9188_14360_DF_004,SPM,,APER,SW1613B,2016-09-22 02:44:00,,T,INITIAL,NONE,,,A9188,,1,,,374549,1746-01-6,"2,3,7,8-Tetrachlorodibenzo-p-dioxin",,5.14,5.14,pg,5.14,Yes,N,U,U,U,10.0,5.14,5.14,pg,,,,pg,TRG,-74.1340827,40.8184524,10.98,PR,-0.515625,-0.268125,-0.763125,-74.1340827,40.8184524,,,10/26/2016@Paula DiMattei,Y,Limited
94,NJD980528996,16A-0607,16A-0607,,,16A-0607-E2-BS,,2016-08-19 15:02:00,N,,10.25,16.25,in,,SPM,,,,2016 CPG R.Mile 10.9 RA SPME Cap Monitor,,,,LB,A9188_14360_PAH_005,SPM,,APER,CARB429 MOD,2016-09-09 20:37:00,1C,N,INITIAL,NONE,,,A9188,,1,,,374550,85-01-8,Phenanthrene,Y,4.4,4.4,ng,0.0939,Yes,Y,J+,J+,B,4.0,0.0939,0.0939,ng,,4.4,4.4,ng,TRG,-74.1340827,40.8184524,10.98,PR,-1.093125,-0.845625,-1.340625,-74.1340827,40.8184524,,,10/26/2016@Paula DiMattei,Y,Limited
95,NJD980528996,16A-0607,16A-0607,,,16A-0607-E2-BS,,2016-08-19 15:02:00,N,,10.25,16.25,in,,SPM,,,,2016 CPG R.Mile 10.9 RA SPME Cap Monitor,,,,LB,A9188_14360_PCB_005-,SPM,,APER,E1668C,2016-09-20 21:24:00,1C,N,REANALYSIS,NONE,,,A9188,,1,,,374551,35693-99-3,"Tetrachlorobiphenyl; 2,2',5,5'- (PCB 52)",Y,192.0,192.0,pg,24.6,Yes,Y,,,,20.0,24.6,24.6,pg,,192.0,192.0,pg,TRG,-74.1340827,40.8184524,10.98,PR,-1.093125,-0.845625,-1.340625,-74.1340827,40.8184524,,,10/26/2016@Paula DiMattei,Y,Limited
96,NJD980528996,16A-0607,16A-0607,,,16A-0607-E2-BS,,2016-08-19 15:02:00,N,,10.25,16.25,in,,SPM,,,,2016 CPG R.Mile 10.9 RA SPME Cap Monitor,,,,LB,A9188_14360_DF_005,SPM,,APER,SW1613B,2016-09-22 03:33:00,,T,INITIAL,NONE,,,A9188,,1,,,374552,1746-01-6,"2,3,7,8-Tetrachlorodibenzo-p-dioxin",,10.7,10.7,pg,10.7,Yes,N,U,U,U,10.0,10.7,10.7,pg,,,,pg,TRG,-74.1340827,40.8184524,10.98,PR,-1.093125,-0.845625,-1.340625,-74.1340827,40.8184524,,,10/26/2016@Paula DiMattei,Y,Limited
97,NJD980528996,16A-0607,16A-0607,,,16A-0607-E3-CS,,2016-08-19 15:03:00,N,,28.25,34.25,in,,SPM,,,,2016 CPG R.Mile 10.9 RA SPME Cap Monitor,,,,LB,A9188_14360_PAH_006,SPM,,APER,CARB429 MOD,2016-09-09 21:25:00,1C,N,INITIAL,NONE,,,A9188,,1,,,374553,85-01-8,Phenanthrene,Y,5.34,5.34,ng,0.894,Yes,Y,J+,J+,B,4.0,0.894,0.894,ng,,5.34,5.34,ng,TRG,-74.1340827,40.8184524,10.98,PR,-2.578125,-2.330625,-2.825625,-74.1340827,40.8184524,,,10/26/2016@Paula DiMattei,Y,Limited
98,NJD980528996,16A-0607,16A-0607,,,16A-0607-E3-CS,,2016-08-19 15:03:00,N,,28.25,34.25,in,,SPM,,,,2016 CPG R.Mile 10.9 RA SPME Cap Monitor,,,,LB,A9188_14360_PCB_006,SPM,,APER,E1668C,2016-09-19 04:09:00,1C,N,INITIAL,NONE,,,A9188,,1,,,374554,35693-99-3,"Tetrachlorobiphenyl; 2,2',5,5'- (PCB 52)",Y,2030.0,2030.0,pg,8.1,Yes,Y,,,,20.0,8.1,8.1,pg,,2030.0,2030.0,pg,TRG,-74.1340827,40.8184524,10.98,PR,-2.578125,-2.330625,-2.825625,-74.1340827,40.8184524,,,10/26/2016@Paula DiMattei,Y,Limited
99,NJD980528996,16A-0607,16A-0607,,,16A-0607-E3-CS,,2016-08-19 15:03:00,N,,28.25,34.25,in,,SPM,,,,2016 CPG R.Mile 10.9 RA SPME Cap Monitor,,,,LB,A9188_14360_DF_006,SPM,,APER,SW1613B,2016-09-22 04:22:00,,T,INITIAL,NONE,,,A9188,,1,,,374555,1746-01-6,"2,3,7,8-Tetrachlorodibenzo-p-dioxin",,4.48,4.48,pg,4.48,Yes,N,U,U,U,10.0,4.48,4.48,pg,,,,pg,TRG,-74.1340827,40.8184524,10.98,PR,-2.578125,-2.330625,-2.825625,-74.1340827,40.8184524,,,10/26/2016@Paula DiMattei,Y,Limited
100,NJD980528996,16A-0607,16A-0607,,,16A-0607-S1-AS,,2016-08-19 14:58:00,N,,0.0,7.0,in,,SE,,,,2016 CPG R.Mile 10.9 RA SPME Cap Monitor,,,,LB,A9189_14357_PAH_002-,SE,,APER,CARB429 MOD,2016-09-13 15:32:00,1C,N,DILUTION1,NONE,,,A9189,58.6,20,,,374556,85-01-8,Phenanthrene,Y,1190.0,1190.0,ng/g,1.48,Yes,Y,J,J,E,0.635,1.48,1.48,ng/g,,1190.0,1190.0,ng/g,TRG,-74.1340827,40.8184524,10.98,PR,-0.28875,0.0,-0.5775,-74.1340827,40.8184524,A9189,,10/26/2016@Paula DiMattei,Y,Limited
101,NJD980528996,16A-0607,16A-0607,,,16A-0607-S1-AS,,2016-08-19 14:58:00,N,,0.0,7.0,in,,SE,,,,2016 CPG R.Mile 10.9 RA SPME Cap Monitor,,,,LB,A9189_14357_PCB_002-,SE,,APER,E1668C,2016-09-23 23:33:00,1C,N,INITIAL,NONE,,,A9189,58.6,1,,,374557,35693-99-3,"Tetrachlorobiphenyl; 2,2',5,5'- (PCB 52)",Y,10100.0,10100.0,pg/g,11.0,Yes,Y,,,,3.18,11.0,11.0,pg/g,,10100.0,10100.0,pg/g,TRG,-74.1340827,40.8184524,10.98,PR,-0.28875,0.0,-0.5775,-74.1340827,40.8184524,A9189,,10/26/2016@Paula DiMattei,Y,Limited
102,NJD980528996,16A-0607,16A-0607,,,16A-0607-S1-AS,,2016-08-19 14:58:00,N,,0.0,7.0,in,,SE,,,,2016 CPG R.Mile 10.9 RA SPME Cap Monitor,,,,LB,L1627445-02,SE,DRY,AWHL,LLOYD KAHN METHOD,2016-09-02 10:17:00,,T,INITIAL,,,,L1627445,0.0,1,,,374558,TOC,Total Organic Carbon,,4.37,4.37,%,0.05,Yes,Y,,,,0.05,0.05,0.05,%,,4.37,4.37,%,TRG,-74.1340827,40.8184524,10.98,PR,-0.28875,0.0,-0.5775,-74.1340827,40.8184524,A9189,A9189,10/26/2016@Paula DiMattei,Y,Limited
103,NJD980528996,16A-0607,16A-0607,,,16A-0607-S1-AS,,2016-08-19 14:58:00,N,,0.0,7.0,in,,SE,,,,2016 CPG R.Mile 10.9 RA SPME Cap Monitor,,,,LB,A9189_14357_DF_002-R,SE,,APER,SW1613B,2016-09-20 20:39:00,,T,REANALYSIS,NONE,,,A9189,58.6,1,,,374560,1746-01-6,"2,3,7,8-Tetrachlorodibenzo-p-dioxin",,195.0,195.0,pg/g,0.324,Yes,Y,,,,1.59,0.324,0.324,pg/g,,195.0,195.0,pg/g,TRG,-74.1340827,40.8184524,10.98,PR,-0.28875,0.0,-0.5775,-74.1340827,40.8184524,A9189,,10/26/2016@Paula DiMattei,Y,Limited
104,NJD980528996,16A-0608,16A-0608,,,16A-0608-E1-AS,,2016-08-19 16:39:00,N,,5.5,11.5,in,,SPM,,,,2016 CPG R.Mile 10.9 RA SPME Cap Monitor,,,,LB,A9188_14360_PAH_007,SPM,,APER,CARB429 MOD,2016-09-09 22:12:00,1C,N,INITIAL,NONE,,,A9188,,1,,,374561,85-01-8,Phenanthrene,Y,13.1,13.1,ng,0.106,Yes,Y,J+,J+,B,4.0,0.106,0.106,ng,,13.1,13.1,ng,TRG,-74.1336151,40.8187022,11.01,PR,-0.70125,-0.45375,-0.94875,-74.1336151,40.8187022,,,10/26/2016@Paula DiMattei,Y,Limited
105,NJD980528996,16A-0608,16A-0608,,,16A-0608-E1-AS,,2016-08-19 16:39:00,N,,5.5,11.5,in,,SPM,,,,2016 CPG R.Mile 10.9 RA SPME Cap Monitor,,,,LB,A9188_14360_PCB_007-,SPM,,APER,E1668C,2016-09-20 22:20:00,1C,N,REANALYSIS,NONE,,,A9188,,1,,,374562,35693-99-3,"Tetrachlorobiphenyl; 2,2',5,5'- (PCB 52)",Y,387.0,387.0,pg,3.63,Yes,Y,,,,20.0,3.63,3.63,pg,,387.0,387.0,pg,TRG,-74.1336151,40.8187022,11.01,PR,-0.70125,-0.45375,-0.94875,-74.1336151,40.8187022,,,10/26/2016@Paula DiMattei,Y,Limited
106,NJD980528996,16A-0608,16A-0608,,,16A-0608-E1-AS,,2016-08-19 16:39:00,N,,5.5,11.5,in,,SPM,,,,2016 CPG R.Mile 10.9 RA SPME Cap Monitor,,,,LB,A9188_14360_DF_007,SPM,,APER,SW1613B,2016-09-22 05:11:00,,T,INITIAL,NONE,,,A9188,,1,,,374563,1746-01-6,"2,3,7,8-Tetrachlorodibenzo-p-dioxin",,3.99,3.99,pg,3.99,Yes,N,U,U,U,10.0,3.99,3.99,pg,,,,pg,TRG,-74.1336151,40.8187022,11.01,PR,-0.70125,-0.45375,-0.94875,-74.1336151,40.8187022,,,10/26/2016@Paula DiMattei,Y,Limited
107,NJD980528996,16A-0608,16A-0608,,,16A-0608-E2-CS,,2016-08-19 16:41:00,N,,17.0,23.0,in,,SPM,,,,2016 CPG R.Mile 10.9 RA SPME Cap Monitor,,,,LB,A9188_14360_PAH_008,SPM,,APER,CARB429 MOD,2016-09-09 22:59:00,1C,N,INITIAL,NONE,,,A9188,,1,,,374564,85-01-8,Phenanthrene,Y,4.0,4.0,ng,4.0,Yes,N,U,U,J B,4.0,0.113,4.0,ng,,,,ng,TRG,-74.1336151,40.8187022,11.01,PR,-1.65,-1.4025,-1.8975,-74.1336151,40.8187022,,,10/26/2016@Paula DiMattei,Y,Limited
108,NJD980528996,16A-0608,16A-0608,,,16A-0608-E2-CS,,2016-08-19 16:41:00,N,,17.0,23.0,in,,SPM,,,,2016 CPG R.Mile 10.9 RA SPME Cap Monitor,,,,LB,A9188_14360_PCB_008-,SPM,,APER,E1668C,2016-09-20 23:17:00,1C,N,REANALYSIS,NONE,,,A9188,,1,,,374565,35693-99-3,"Tetrachlorobiphenyl; 2,2',5,5'- (PCB 52)",Y,34.4,34.4,pg,11.9,Yes,Y,J+,J+,B,20.0,11.9,11.9,pg,,34.4,34.4,pg,TRG,-74.1336151,40.8187022,11.01,PR,-1.65,-1.4025,-1.8975,-74.1336151,40.8187022,,,10/26/2016@Paula DiMattei,Y,Limited
109,NJD980528996,16A-0608,16A-0608,,,16A-0608-E2-CS,,2016-08-19 16:41:00,N,,17.0,23.0,in,,SPM,,,,2016 CPG R.Mile 10.9 RA SPME Cap Monitor,,,,LB,A9188_14360_DF_008,SPM,,APER,SW1613B,2016-09-22 06:00:00,,T,INITIAL,NONE,,,A9188,,1,,,374566,1746-01-6,"2,3,7,8-Tetrachlorodibenzo-p-dioxin",,4.29,4.29,pg,4.29,Yes,N,U,U,U,10.0,4.29,4.29,pg,,,,pg,TRG,-74.1336151,40.8187022,11.01,PR,-1.65,-1.4025,-1.8975,-74.1336151,40.8187022,,,10/26/2016@Paula DiMattei,Y,Limited
110,NJD980528996,16A-0608,16A-0608,,,16A-0608-E3-BS,,2016-08-19 16:43:00,N,,25.5,31.5,in,,SPM,,,,2016 CPG R.Mile 10.9 RA SPME Cap Monitor,,,,LB,A9188_14360_PAH_009,SPM,,APER,CARB429 MOD,2016-09-09 23:47:00,1C,N,INITIAL,NONE,,,A9188,,1,,,374567,85-01-8,Phenanthrene,Y,5.43,5.43,ng,1.12,Yes,Y,J+,J+,B,4.0,1.12,1.12,ng,,5.43,5.43,ng,TRG,-74.1336151,40.8187022,11.01,PR,-2.35125,-2.10375,-2.59875,-74.1336151,40.8187022,,,10/26/2016@Paula DiMattei,Y,Limited
111,NJD980528996,16A-0608,16A-0608,,,16A-0608-E3-BS,,2016-08-19 16:43:00,N,,25.5,31.5,in,,SPM,,,,2016 CPG R.Mile 10.9 RA SPME Cap Monitor,,,,LB,A9188_14360_PCB_009-,SPM,,APER,E1668C,2016-09-21 00:13:00,1C,N,REANALYSIS,NONE,,,A9188,,1,,,374568,35693-99-3,"Tetrachlorobiphenyl; 2,2',5,5'- (PCB 52)",Y,75.1,75.1,pg,15.8,Yes,Y,J+,J+,B,20.0,15.8,15.8,pg,,75.1,75.1,pg,TRG,-74.1336151,40.8187022,11.01,PR,-2.35125,-2.10375,-2.59875,-74.1336151,40.8187022,,,10/26/2016@Paula DiMattei,Y,Limited
112,NJD980528996,16A-0608,16A-0608,,,16A-0608-E3-BS,,2016-08-19 16:43:00,N,,25.5,31.5,in,,SPM,,,,2016 CPG R.Mile 10.9 RA SPME Cap Monitor,,,,LB,A9188_14360_DF_009,SPM,,APER,SW1613B,2016-09-22 10:19:00,,T,INITIAL,NONE,,,A9188,,1,,,374569,1746-01-6,"2,3,7,8-Tetrachlorodibenzo-p-dioxin",,3.47,3.47,pg,3.47,Yes,N,U,U,U,10.0,3.47,3.47,pg,,,,pg,TRG,-74.1336151,40.8187022,11.01,PR,-2.35125,-2.10375,-2.59875,-74.1336151,40.8187022,,,10/26/2016@Paula DiMattei,Y,Limited
113,NJD980528996,16A-0608,16A-0608,,,16A-0608-S1-AS,,2016-08-19 16:37:00,N,,0.0,3.0,in,,SE,,,,2016 CPG R.Mile 10.9 RA SPME Cap Monitor,,,,LB,A9189_14357_PAH_003-,SE,,APER,CARB429 MOD,2016-09-13 16:19:00,1C,N,DILUTION1,NONE,,,A9189,40.1,20,,,374570,85-01-8,Phenanthrene,Y,546.0,546.0,ng/g,0.295,Yes,Y,J,J,E,0.445,0.295,0.295,ng/g,,546.0,546.0,ng/g,TRG,-74.1336151,40.8187022,11.01,PR,-0.12375,0.0,-0.2475,-74.1336151,40.8187022,A9189,,10/26/2016@Paula DiMattei,Y,Limited
114,NJD980528996,16A-0608,16A-0608,,,16A-0608-S1-AS,,2016-08-19 16:37:00,N,,0.0,3.0,in,,SE,,,,2016 CPG R.Mile 10.9 RA SPME Cap Monitor,,,,LB,A9189_14357_PCB_003-,SE,,APER,E1668C,2016-09-24 00:30:00,1C,N,INITIAL,NONE,,,A9189,40.1,1,,,374571,35693-99-3,"Tetrachlorobiphenyl; 2,2',5,5'- (PCB 52)",Y,4120.0,4120.0,pg/g,15.5,Yes,Y,,,,2.22,15.5,15.5,pg/g,,4120.0,4120.0,pg/g,TRG,-74.1336151,40.8187022,11.01,PR,-0.12375,0.0,-0.2475,-74.1336151,40.8187022,A9189,,10/26/2016@Paula DiMattei,Y,Limited
115,NJD980528996,16A-0608,16A-0608,,,16A-0608-S1-AS,,2016-08-19 16:37:00,N,,0.0,3.0,in,,SE,,,,2016 CPG R.Mile 10.9 RA SPME Cap Monitor,,,,LB,L1627445-03,SE,DRY,AWHL,LLOYD KAHN METHOD,2016-09-02 10:53:00,,T,INITIAL,,,,L1627445,0.0,1,,,374572,TOC,Total Organic Carbon,,1.98,1.98,%,0.05,Yes,Y,,,,0.05,0.05,0.05,%,,1.98,1.98,%,TRG,-74.1336151,40.8187022,11.01,PR,-0.12375,0.0,-0.2475,-74.1336151,40.8187022,A9189,A9189,10/26/2016@Paula DiMattei,Y,Limited
116,NJD980528996,16A-0608,16A-0608,,,16A-0608-S1-AS,,2016-08-19 16:37:00,N,,0.0,3.0,in,,SE,,,,2016 CPG R.Mile 10.9 RA SPME Cap Monitor,,,,LB,A9189_14357_DF_003-R,SE,,APER,SW1613B,2016-09-19 22:42:00,,T,REANALYSIS,NONE,,,A9189,40.1,1,,,374574,1746-01-6,"2,3,7,8-Tetrachlorodibenzo-p-dioxin",,51.5,51.5,pg/g,0.239,Yes,Y,,,,1.11,0.239,0.239,pg/g,,51.5,51.5,pg/g,TRG,-74.1336151,40.8187022,11.01,PR,-0.12375,0.0,-0.2475,-74.1336151,40.8187022,A9189,,10/26/2016@Paula DiMattei,Y,Limited
117,NJD980528996,16A-0609,16A-0609,,,16A-0609-E1-AS,,2016-08-19 17:16:00,N,,14.25,20.25,in,,SPM,,,,2016 CPG R.Mile 10.9 RA SPME Cap Monitor,,,,LB,A9188_14360_PAH_010,SPM,,APER,CARB429 MOD,2016-09-10 00:34:00,1C,N,INITIAL,NONE,,,A9188,,1,,,374575,85-01-8,Phenanthrene,Y,10.6,10.6,ng,0.118,Yes,Y,J+,J+,B,4.0,0.118,0.118,ng,,10.6,10.6,ng,TRG,-74.1331955,40.8187839,11.04,PR,-1.423125,-1.175625,-1.670625,-74.1331955,40.8187839,,,10/26/2016@Paula DiMattei,Y,Limited
118,NJD980528996,16A-0609,16A-0609,,,16A-0609-E1-AS,,2016-08-19 17:16:00,N,,14.25,20.25,in,,SPM,,,,2016 CPG R.Mile 10.9 RA SPME Cap Monitor,,,,LB,A9188_14360_PCB_010,SPM,,APER,E1668C,2016-09-19 13:54:00,1C,N,INITIAL,NONE,,,A9188,,1,,,374576,35693-99-3,"Tetrachlorobiphenyl; 2,2',5,5'- (PCB 52)",Y,4630.0,4630.0,pg,4.02,Yes,Y,,,,20.0,4.02,4.02,pg,,4630.0,4630.0,pg,TRG,-74.1331955,40.8187839,11.04,PR,-1.423125,-1.175625,-1.670625,-74.1331955,40.8187839,,,10/26/2016@Paula DiMattei,Y,Limited
119,NJD980528996,16A-0609,16A-0609,,,16A-0609-E1-AS,,2016-08-19 17:16:00,N,,14.25,20.25,in,,SPM,,,,2016 CPG R.Mile 10.9 RA SPME Cap Monitor,,,,LB,A9188_14360_DF_010,SPM,,APER,SW1613B,2016-09-22 11:08:00,,T,INITIAL,NONE,,,A9188,,1,,,374577,1746-01-6,"2,3,7,8-Tetrachlorodibenzo-p-dioxin",,8.19,8.19,pg,8.19,Yes,N,U,U,U,10.0,8.19,8.19,pg,,,,pg,TRG,-74.1331955,40.8187839,11.04,PR,-1.423125,-1.175625,-1.670625,-74.1331955,40.8187839,,,10/26/2016@Paula DiMattei,Y,Limited
120,NJD980528996,16A-0609,16A-0609,,,16A-0609-E2-BS,,2016-08-19 17:18:00,N,,25.5,31.5,in,,SPM,,,,2016 CPG R.Mile 10.9 RA SPME Cap Monitor,,,,LB,A9188_14360_PAH_011,SPM,,APER,CARB429 MOD,2016-09-10 03:01:00,1C,N,INITIAL,NONE,,,A9188,,1,,,374578,85-01-8,Phenanthrene,Y,12.2,12.2,ng,0.0959,Yes,Y,J+,J+,B,4.0,0.0959,0.0959,ng,,12.2,12.2,ng,TRG,-74.1331955,40.8187839,11.04,PR,-2.35125,-2.10375,-2.59875,-74.1331955,40.8187839,,,10/26/2016@Paula DiMattei,Y,Limited
121,NJD980528996,16A-0609,16A-0609,,,16A-0609-E2-BS,,2016-08-19 17:18:00,N,,25.5,31.5,in,,SPM,,,,2016 CPG R.Mile 10.9 RA SPME Cap Monitor,,,,LB,A9188_14360_PCB_011,SPM,,APER,E1668C,2016-09-19 14:50:00,1C,N,INITIAL,NONE,,,A9188,,1,,,374579,35693-99-3,"Tetrachlorobiphenyl; 2,2',5,5'- (PCB 52)",Y,26700.0,26700.0,pg,5.72,Yes,Y,,,,20.0,5.72,5.72,pg,,26700.0,26700.0,pg,TRG,-74.1331955,40.8187839,11.04,PR,-2.35125,-2.10375,-2.59875,-74.1331955,40.8187839,,,10/26/2016@Paula DiMattei,Y,Limited
122,NJD980528996,16A-0609,16A-0609,,,16A-0609-E2-BS,,2016-08-19 17:18:00,N,,25.5,31.5,in,,SPM,,,,2016 CPG R.Mile 10.9 RA SPME Cap Monitor,,,,LB,A9188_14360_DF_011,SPM,,APER,SW1613B,2016-09-22 11:57:00,,T,INITIAL,NONE,,,A9188,,1,,,374580,1746-01-6,"2,3,7,8-Tetrachlorodibenzo-p-dioxin",,18.7,18.7,pg,4.79,Yes,Y,EMPC-J,EMPC-J,Z,10.0,4.79,4.79,pg,,18.7,18.7,pg,TRG,-74.1331955,40.8187839,11.04,PR,-2.35125,-2.10375,-2.59875,-74.1331955,40.8187839,,,10/26/2016@Paula DiMattei,Y,Limited
123,NJD980528996,16A-0609,16A-0609,,,16A-0609-E3-CS,,2016-08-19 17:21:00,N,,33.75,39.75,in,,SPM,,,,2016 CPG R.Mile 10.9 RA SPME Cap Monitor,,,,LB,A9188_14360_PAH_012,SPM,,APER,CARB429 MOD,2016-09-10 03:46:00,1C,N,INITIAL,NONE,,,A9188,,1,,,374581,85-01-8,Phenanthrene,Y,47.0,47.0,ng,0.75,Yes,Y,,,B,4.0,0.75,0.75,ng,,47.0,47.0,ng,TRG,-74.1331955,40.8187839,11.04,PR,-3.031875,-2.784375,-3.279375,-74.1331955,40.8187839,,,10/26/2016@Paula DiMattei,Y,Limited
124,NJD980528996,16A-0609,16A-0609,,,16A-0609-E3-CS,,2016-08-19 17:21:00,N,,33.75,39.75,in,,SPM,,,,2016 CPG R.Mile 10.9 RA SPME Cap Monitor,,,,LB,A9188_14360_PCB_012,SPM,,APER,E1668C,2016-09-19 15:47:00,1C,N,INITIAL,NONE,,,A9188,,1,,,374582,35693-99-3,"Tetrachlorobiphenyl; 2,2',5,5'- (PCB 52)",Y,26500.0,26500.0,pg,4.02,Yes,Y,,,,20.0,4.02,4.02,pg,,26500.0,26500.0,pg,TRG,-74.1331955,40.8187839,11.04,PR,-3.031875,-2.784375,-3.279375,-74.1331955,40.8187839,,,10/26/2016@Paula DiMattei,Y,Limited
125,NJD980528996,16A-0609,16A-0609,,,16A-0609-E3-CS,,2016-08-19 17:21:00,N,,33.75,39.75,in,,SPM,,,,2016 CPG R.Mile 10.9 RA SPME Cap Monitor,,,,LB,A9188_14360_DF_012,SPM,,APER,SW1613B,2016-09-22 12:46:00,,T,INITIAL,NONE,,,A9188,,1,,,374583,1746-01-6,"2,3,7,8-Tetrachlorodibenzo-p-dioxin",,23.0,23.0,pg,5.2,Yes,Y,EMPC-J,EMPC-J,Z,10.0,5.2,5.2,pg,,23.0,23.0,pg,TRG,-74.1331955,40.8187839,11.04,PR,-3.031875,-2.784375,-3.279375,-74.1331955,40.8187839,,,10/26/2016@Paula DiMattei,Y,Limited
126,NJD980528996,16A-0609,16A-0609,,,16A-0609-S1-AS,,2016-08-19 17:08:00,N,,0.0,17.5,in,,SE,,,,2016 CPG R.Mile 10.9 RA SPME Cap Monitor,,,,LB,A9189_14357_PAH_004-,SE,,APER,CARB429 MOD,2016-09-13 17:07:00,1C,N,DILUTION1,NONE,,,A9189,48.5,20,,,374584,85-01-8,Phenanthrene,Y,1950.0,1950.0,ng/g,0.279,Yes,Y,J,J,E,0.515,0.279,0.279,ng/g,,1950.0,1950.0,ng/g,TRG,-74.1331955,40.8187839,11.04,PR,-0.721875,0.0,-1.44375,-74.1331955,40.8187839,A9189,,10/26/2016@Paula DiMattei,Y,Limited
127,NJD980528996,16A-0609,16A-0609,,,16A-0609-S1-AS,,2016-08-19 17:08:00,N,,0.0,17.5,in,,SE,,,,2016 CPG R.Mile 10.9 RA SPME Cap Monitor,,,,LB,A9189_14357_PCB_004-,SE,,APER,E1668C,2016-09-27 17:53:00,1C,N,REANALYSIS,NONE,,,A9189,48.5,1,,,374585,35693-99-3,"Tetrachlorobiphenyl; 2,2',5,5'- (PCB 52)",Y,5370.0,5370.0,pg/g,2.53,Yes,Y,,,,2.58,2.53,2.53,pg/g,,5370.0,5370.0,pg/g,TRG,-74.1331955,40.8187839,11.04,PR,-0.721875,0.0,-1.44375,-74.1331955,40.8187839,A9189,,10/26/2016@Paula DiMattei,Y,Limited
128,NJD980528996,16A-0609,16A-0609,,,16A-0609-S1-AS,,2016-08-19 17:08:00,N,,0.0,17.5,in,,SE,,,,2016 CPG R.Mile 10.9 RA SPME Cap Monitor,,,,LB,L1627445-04,SE,DRY,AWHL,LLOYD KAHN METHOD,2016-09-02 12:18:00,,T,INITIAL,,,,L1627445,0.0,1,,,374586,TOC,Total Organic Carbon,,1.93,1.93,%,0.05,Yes,Y,,,,0.05,0.05,0.05,%,,1.93,1.93,%,TRG,-74.1331955,40.8187839,11.04,PR,-0.721875,0.0,-1.44375,-74.1331955,40.8187839,A9189,A9189,10/26/2016@Paula DiMattei,Y,Limited
129,NJD980528996,16A-0609,16A-0609,,,16A-0609-S1-AS,,2016-08-19 17:08:00,N,,0.0,17.5,in,,SE,,,,2016 CPG R.Mile 10.9 RA SPME Cap Monitor,,,,LB,A9189_14357_DF_004-R,SE,,APER,SW1613B,2016-09-19 23:34:00,,T,REANALYSIS,NONE,,,A9189,48.5,1,,,374588,1746-01-6,"2,3,7,8-Tetrachlorodibenzo-p-dioxin",,39.9,39.9,pg/g,0.365,Yes,Y,,,,1.29,0.365,0.365,pg/g,,39.9,39.9,pg/g,TRG,-74.1331955,40.8187839,11.04,PR,-0.721875,0.0,-1.44375,-74.1331955,40.8187839,A9189,,10/26/2016@Paula DiMattei,Y,Limited
130,NJD980528996,16A-0610,16A-0610,,,16A-0610-E1-AS,,2016-08-19 16:11:00,N,,2.25,8.25,in,,SPM,,,,2016 CPG R.Mile 10.9 RA SPME Cap Monitor,,,,LB,A9186_14359_PAH_001,SPM,,APER,CARB429 MOD,2016-09-08 22:24:00,1C,N,INITIAL,NONE,,,A9186,,1,,,374589,85-01-8,Phenanthrene,Y,17.1,17.1,ng,0.0897,Yes,Y,J+,J+,,4.0,0.0897,0.0897,ng,,17.1,17.1,ng,TRG,-74.1322255,40.8189919,11.09,PR,-0.433125,-0.185625,-0.680625,-74.1322255,40.8189919,,,10/26/2016@Paula DiMattei,Y,Limited
131,NJD980528996,16A-0610,16A-0610,,,16A-0610-E1-AS,,2016-08-19 16:11:00,N,,2.25,8.25,in,,SPM,,,,2016 CPG R.Mile 10.9 RA SPME Cap Monitor,,,,LB,A9186_14359_PCB_001-,SPM,,APER,E1668C,2016-09-20 00:25:00,1C,N,REANALYSIS,NONE,,,A9186,,1,,,374590,35693-99-3,"Tetrachlorobiphenyl; 2,2',5,5'- (PCB 52)",Y,531.0,531.0,pg,3.43,Yes,Y,,,,20.0,3.43,3.43,pg,,531.0,531.0,pg,TRG,-74.1322255,40.8189919,11.09,PR,-0.433125,-0.185625,-0.680625,-74.1322255,40.8189919,,,10/26/2016@Paula DiMattei,Y,Limited
132,NJD980528996,16A-0610,16A-0610,,,16A-0610-E1-AS,,2016-08-19 16:11:00,N,,2.25,8.25,in,,SPM,,,,2016 CPG R.Mile 10.9 RA SPME Cap Monitor,,,,LB,A9186_14359_DF_001,SPM,,APER,SW1613B,2016-09-21 18:23:00,,T,INITIAL,NONE,,,A9186,,1,,,374591,1746-01-6,"2,3,7,8-Tetrachlorodibenzo-p-dioxin",,1.96,1.96,pg,1.96,Yes,N,U,U,U,10.0,1.96,1.96,pg,,,,pg,TRG,-74.1322255,40.8189919,11.09,PR,-0.433125,-0.185625,-0.680625,-74.1322255,40.8189919,,,10/26/2016@Paula DiMattei,Y,Limited
133,NJD980528996,16A-0610,16A-0610,,,16A-0610-E2-BS,,2016-08-19 16:14:00,N,,10.25,16.25,in,,SPM,,,,2016 CPG R.Mile 10.9 RA SPME Cap Monitor,,,,LB,A9186_14359_PAH_002,SPM,,APER,CARB429 MOD,2016-09-08 23:11:00,1C,N,INITIAL,NONE,,,A9186,,1,,,374592,85-01-8,Phenanthrene,Y,4.73,4.73,ng,0.106,Yes,Y,J+,J+,B,4.0,0.106,0.106,ng,,4.73,4.73,ng,TRG,-74.1322255,40.8189919,11.09,PR,-1.093125,-0.845625,-1.340625,-74.1322255,40.8189919,,,10/26/2016@Paula DiMattei,Y,Limited
134,NJD980528996,16A-0610,16A-0610,,,16A-0610-E2-BS,,2016-08-19 16:14:00,N,,10.25,16.25,in,,SPM,,,,2016 CPG R.Mile 10.9 RA SPME Cap Monitor,,,,LB,A9186_14359_PCB_002,SPM,,APER,E1668C,2016-09-18 00:32:00,1C,N,INITIAL,NONE,,,A9186,,1,,,374593,35693-99-3,"Tetrachlorobiphenyl; 2,2',5,5'- (PCB 52)",Y,294.0,294.0,pg,3.05,Yes,Y,,,,20.0,3.05,3.05,pg,,294.0,294.0,pg,TRG,-74.1322255,40.8189919,11.09,PR,-1.093125,-0.845625,-1.340625,-74.1322255,40.8189919,,,10/26/2016@Paula DiMattei,Y,Limited
135,NJD980528996,16A-0610,16A-0610,,,16A-0610-E2-BS,,2016-08-19 16:14:00,N,,10.25,16.25,in,,SPM,,,,2016 CPG R.Mile 10.9 RA SPME Cap Monitor,,,,LB,A9186_14359_DF_002,SPM,,APER,SW1613B,2016-09-21 19:16:00,,T,INITIAL,NONE,,,A9186,,1,,,374594,1746-01-6,"2,3,7,8-Tetrachlorodibenzo-p-dioxin",,2.06,2.06,pg,2.06,Yes,N,U,U,U,10.0,2.06,2.06,pg,,,,pg,TRG,-74.1322255,40.8189919,11.09,PR,-1.093125,-0.845625,-1.340625,-74.1322255,40.8189919,,,10/26/2016@Paula DiMattei,Y,Limited
136,NJD980528996,16A-0610,16A-0610,,,16A-0610-E3-CS,,2016-08-19 16:15:00,N,,19.5,25.5,in,,SPM,,,,2016 CPG R.Mile 10.9 RA SPME Cap Monitor,,,,LB,A9186_14359_PAH_003,SPM,,APER,CARB429 MOD,2016-09-08 23:59:00,1C,N,INITIAL,NONE,,,A9186,,1,,,374595,85-01-8,Phenanthrene,Y,11.4,11.4,ng,0.0916,Yes,Y,J+,J+,,4.0,0.0916,0.0916,ng,,11.4,11.4,ng,TRG,-74.1322255,40.8189919,11.09,PR,-1.85625,-1.60875,-2.10375,-74.1322255,40.8189919,,,10/26/2016@Paula DiMattei,Y,Limited
137,NJD980528996,16A-0610,16A-0610,,,16A-0610-E3-CS,,2016-08-19 16:15:00,N,,19.5,25.5,in,,SPM,,,,2016 CPG R.Mile 10.9 RA SPME Cap Monitor,,,,LB,A9186_14359_PCB_003,SPM,,APER,E1668C,2016-09-18 01:29:00,1C,N,INITIAL,NONE,,,A9186,,1,,,374596,35693-99-3,"Tetrachlorobiphenyl; 2,2',5,5'- (PCB 52)",Y,20000.0,20000.0,pg,3.14,Yes,Y,,,,20.0,3.14,3.14,pg,,20000.0,20000.0,pg,TRG,-74.1322255,40.8189919,11.09,PR,-1.85625,-1.60875,-2.10375,-74.1322255,40.8189919,,,10/26/2016@Paula DiMattei,Y,Limited
138,NJD980528996,16A-0610,16A-0610,,,16A-0610-E3-CS,,2016-08-19 16:15:00,N,,19.5,25.5,in,,SPM,,,,2016 CPG R.Mile 10.9 RA SPME Cap Monitor,,,,LB,A9186_14359_DF_003,SPM,,APER,SW1613B,2016-09-21 20:08:00,,T,INITIAL,NONE,,,A9186,,1,,,374597,1746-01-6,"2,3,7,8-Tetrachlorodibenzo-p-dioxin",,28.0,28.0,pg,1.97,Yes,Y,,,,10.0,1.97,1.97,pg,,28.0,28.0,pg,TRG,-74.1322255,40.8189919,11.09,PR,-1.85625,-1.60875,-2.10375,-74.1322255,40.8189919,,,10/26/2016@Paula DiMattei,Y,Limited
139,NJD980528996,16A-0610,16A-0610,,,16A-0610-S1-AS,,2016-08-19 16:09:00,N,,0.0,5.0,in,,SE,,,,2016 CPG R.Mile 10.9 RA SPME Cap Monitor,,,,LB,A9189_14357_PAH_005-,SE,,APER,CARB429 MOD,2016-09-13 17:54:00,1C,N,DILUTION1,NONE,,,A9189,62.7,20,,,374598,85-01-8,Phenanthrene,Y,1310.0,1310.0,ng/g,0.479,Yes,Y,J,J,E,0.699,0.479,0.479,ng/g,,1310.0,1310.0,ng/g,TRG,-74.1322255,40.8189919,11.09,PR,-0.20625,0.0,-0.4125,-74.1322255,40.8189919,A9189,,10/26/2016@Paula DiMattei,Y,Limited
140,NJD980528996,16A-0610,16A-0610,,,16A-0610-S1-AS,,2016-08-19 16:09:00,N,,0.0,5.0,in,,SE,,,,2016 CPG R.Mile 10.9 RA SPME Cap Monitor,,,,LB,A9189_14357_PCB_005-,SE,,APER,E1668C,2016-09-27 18:49:00,1C,N,REANALYSIS,NONE,,,A9189,62.7,1,,,374599,35693-99-3,"Tetrachlorobiphenyl; 2,2',5,5'- (PCB 52)",Y,16500.0,16500.0,pg/g,6.96,Yes,Y,J,J,E,3.5,6.96,6.96,pg/g,,16500.0,16500.0,pg/g,TRG,-74.1322255,40.8189919,11.09,PR,-0.20625,0.0,-0.4125,-74.1322255,40.8189919,A9189,,10/26/2016@Paula DiMattei,Y,Limited
141,NJD980528996,16A-0610,16A-0610,,,16A-0610-S1-AS,,2016-08-19 16:09:00,N,,0.0,5.0,in,,SE,,,,2016 CPG R.Mile 10.9 RA SPME Cap Monitor,,,,LB,L1627445-05,SE,DRY,AWHL,LLOYD KAHN METHOD,2016-09-02 12:28:00,,T,INITIAL,,,,L1627445,0.0,1,,,374600,TOC,Total Organic Carbon,,6.4,6.4,%,0.05,Yes,Y,,,,0.05,0.05,0.05,%,,6.4,6.4,%,TRG,-74.1322255,40.8189919,11.09,PR,-0.20625,0.0,-0.4125,-74.1322255,40.8189919,A9189,A9189,10/26/2016@Paula DiMattei,Y,Limited
142,NJD980528996,16A-0610,16A-0610,,,16A-0610-S1-AS,,2016-08-19 16:09:00,N,,0.0,5.0,in,,SE,,,,2016 CPG R.Mile 10.9 RA SPME Cap Monitor,,,,LB,A9189_14357_DF_005-R,SE,,APER,SW1613B,2016-09-20 00:27:00,,T,REANALYSIS,NONE,,,A9189,62.7,1,,,374602,1746-01-6,"2,3,7,8-Tetrachlorodibenzo-p-dioxin",,167.0,167.0,pg/g,2.32,Yes,Y,J,J,,1.75,2.32,2.32,pg/g,,167.0,167.0,pg/g,TRG,-74.1322255,40.8189919,11.09,PR,-0.20625,0.0,-0.4125,-74.1322255,40.8189919,A9189,,10/26/2016@Paula DiMattei,Y,Limited
